name,price,url,category,store,persona
Bose QuietComfort Noise Cancelling Headphones (Black),299.0,https://www.jbhifi.com.au/products/bose-quietcomfort-noise-cancelling-headphones-black,headphones-speakers-audio,jbhifi,"This gift is perfect for the perpetually busy professional or frequent traveler who craves moments of peace in a chaotic world—someone who values quality focus time whether they're working in a coffee shop, commuting, or trying to catch up on a podcast during a hectic day. It's ideal for the person who's exhausted by constant ambient noise and needs a sanctuary in their ears, or the audiophile who refuses to compromise on sound quality while on the go. Anyone who's juggling multiple demands and deserves a little escape will be absolutely thrilled to unwrap these."
Sony WH-1000XM6 Premium Noise Cancelling Over-Ear Headphones (Black),529.0,https://www.jbhifi.com.au/products/sony-wh-1000xm6-premium-noise-cancelling-over-ear-headphones-black,headphones-speakers-audio,jbhifi,"# Who This Is Perfect For:

This is ideal for the perpetually busy professional or frequent traveler who craves moments of peace and needs to stay focused amid chaos—whether that's blocking out office noise, airplane cabins, or the demands of open-plan work environments. They're someone who appreciates premium quality and invests in tools that elevate their daily experience, and who will be genuinely thrilled by the freedom to escape into their own audio sanctuary. This gift speaks to anyone juggling multiple priorities who deserves an indulgent upgrade that gives them back control over their attention and well-being."
Samsung Galaxy Buds4 Pro (Black),339.0,https://www.jbhifi.com.au/products/samsung-galaxy-buds4-pro-black,headphones-speakers-audio,jbhifi,"# Who This Is Perfect For:

This is ideal for the tech-savvy commuter or fitness enthusiast who refuses to compromise on audio quality and wants seamless integration across their Samsung devices. They're someone constantly on the move—whether juggling back-to-back meetings, crushing workout goals, or traveling frequently—and craves premium sound without the cable clutter. They'll be thrilled by a gift that respects their investment in the Samsung ecosystem while elevating their daily audio experience with professional-grade features."
LG Home Theatre S80TR 5.1.3Ch Sound Bar with Rear Speakers,699.0,https://www.jbhifi.com.au/products/lg-home-theatre-s80tr-5-1-3ch-sound-bar-with-rear-speakers,headphones-speakers-audio,jbhifi,"This is perfect for the cinephile or gaming enthusiast who craves an immersive, theater-quality experience at home and refuses to compromise on audio quality. They're someone who has finally invested in a great TV and wants their sound system to match—whether they're streaming the latest blockbuster, playing competitive games, or hosting movie nights with friends who notice the difference. This gift thrills the person who loves feeling like they're *inside* the action, transforming their living room into a premium entertainment space without needing a professional installer or wiring nightmare."
Oakley | Meta Vanguard AI Glasses (White/Prizm Sapphire),789.0,https://www.jbhifi.com.au/products/oakley-meta-vanguard-ai-glasses-white-prizm-sapphire,headphones-speakers-audio,jbhifi,"This is perfect for the tech-forward professional or entrepreneur who lives at the intersection of style and cutting-edge innovation—someone who's always looking for ways to streamline their day and stay ahead of the curve. They're the type who appreciates premium quality, doesn't mind investing in tools that blend seamlessly into their lifestyle, and gets genuinely excited about AI-powered features that solve real problems like hands-free communication and smart information access. Whether they're power-walking between meetings, commuting through the city, or juggling multiple projects, they'll be thrilled to own something that makes them feel like they're living in the future today."
Oakley | Meta HSTN AI Glasses (Clear/Clear to Grey Transitions),719.0,https://www.jbhifi.com.au/products/oakley-meta-hstn-ai-glasses-clear-clear-to-grey-transitions,headphones-speakers-audio,jbhifi,"This is perfect for the tech-forward professional or creator who lives at the intersection of style and innovation—someone who's always juggling calls, messages, and content while refusing to compromise on looking sharp. They're the type who appreciates premium gear that seamlessly integrates into their daily life rather than screaming ""I'm wearing tech,"" whether they're commuting between meetings, working remotely, or capturing moments on the go. If they're someone who values having their hands free, staying connected without earbuds, and wants to impress with cutting-edge wearables, they'll be absolutely thrilled to unbox this."
Oakley | Meta Vanguard AI Glasses (Black/Prizm Road),789.0,https://www.jbhifi.com.au/products/oakley-meta-vanguard-ai-glasses-black-prizm-road,headphones-speakers-audio,jbhifi,"This is perfect for the tech-forward cyclist or runner who lives for data and wants to seamlessly blend performance metrics with real-world navigation—someone who's always seeking that edge in training and refuses to compromise on style. They're the type who appreciates premium gear that looks sleek enough for everyday wear but delivers serious functionality, whether they're crushing a morning commute or hitting weekend trails. This gift thrills the person who loves being an early adopter of cutting-edge wearable tech and wants AI intelligence literally at eye level."
Oakley | Meta Vanguard AI Glasses (Black/Prizm 24K),789.0,https://www.jbhifi.com.au/products/oakley-meta-vanguard-ai-glasses-black-prizm-24k,headphones-speakers-audio,jbhifi,"# Perfect For:

This is ideal for the tech-forward professional or outdoor enthusiast who refuses to choose between staying connected and staying present—someone who's always on the move, whether commuting through the city or tackling weekend adventures, and wants seamless access to calls, navigation, and real-time information without fumbling for their phone. They're the type who appreciates premium quality and cutting-edge innovation, and they'd be thrilled to experience hands-free convenience wrapped in iconic Oakley style that works as hard as they do."
Apple AirPods Pro 3,330.0,https://www.jbhifi.com.au/products/apple-airpods-pro-3,headphones-speakers-audio,jbhifi,"This is perfect for the always-on-the-go professional or student who craves seamless connectivity across their Apple ecosystem and refuses to compromise on audio quality during calls, workouts, or commutes. They're the type who appreciates premium tech that just works without fussing, whether they're juggling back-to-back meetings, hitting the gym, or escaping into their favorite podcast during a crowded commute. Anyone who values both cutting-edge sound and the freedom of truly wireless listening—from busy parents managing chaos to creative types who need immersive audio for their work—will be absolutely thrilled to unwrap these."
Apple AirPods 4 with Active Noise Cancellation,268.0,https://www.jbhifi.com.au/products/apple-airpods-4-with-active-noise-cancellation,headphones-speakers-audio,jbhifi,"This gift is perfect for the busy professional or student who's constantly switching between calls, meetings, and focused work sessions—someone who craves seamless audio quality without the hassle of tangled wires or constant charging. They're the type who appreciates sleek, minimalist design that disappears into their daily life while keeping them connected, whether they're commuting, working in noisy coffee shops, or taking important calls. This person values convenience and premium sound, and they'll be thrilled to have a product that finally lets them control their sonic environment without sacrificing style or ease of use."
Apple AirPods 4,150.0,https://www.jbhifi.com.au/products/apple-airpods-4,headphones-speakers-audio,jbhifi,"# Perfect For:

Apple AirPods 4 are ideal for the always-connected person who values seamless integration across their Apple devices—whether they're switching between iPhone calls, iPad work sessions, or Mac projects throughout the day. They're perfect for busy professionals, students, and active people who want reliable audio without the fuss of pairing or charging cables, enabling them to move fluidly between work, workouts, and commutes. Anyone who appreciates premium sound quality and the subtle status of Apple's iconic design will be thrilled, especially those who've been hesitant to invest in AirPods until now."
"Skylight 15"" Smart Family Calendar (White)",529.0,https://www.jbhifi.com.au/products/skylight-15-smart-family-calendar-white,headphones-speakers-audio,jbhifi,"This is perfect for the busy parent or household manager who's constantly juggling everyone's schedules and craves a central hub to keep the family organized and connected—someone who loves smart home technology and wants to reduce the daily chaos of ""What time is soccer practice?"" This gift delights people who are naturally visual learners and appreciate ambient displays that keep information at a glance without requiring them to pull out their phone for the hundredth time. It's ideal for multi-generational households or blended families where communication gaps happen, and for anyone who wants their home to feel more intentional and coordinated rather than scattered."
Oakley | Meta HSTN AI Glasses (Black/Clear to Amethyst Transitions),719.0,https://www.jbhifi.com.au/products/oakley-meta-hstn-ai-glasses-black-clear-to-amethyst-transitions,headphones-speakers-audio,jbhifi,"This is perfect for the tech-forward professional or creative who lives at the intersection of style and innovation—someone who wants cutting-edge smart glasses that don't sacrifice on fashion or function. They're ideal for the person juggling calls, navigation, and content creation throughout their day who appreciates having hands-free access to AI assistance without constantly reaching for their phone. These glasses suit the early adopter who sees themselves as a trendsetter and loves being among the first to experience the next generation of wearable technology."
Oakley | Meta Vanguard AI Glasses (White/Prizm Black),789.0,https://www.jbhifi.com.au/products/oakley-meta-vanguard-ai-glasses-white-prizm-black,headphones-speakers-audio,jbhifi,"This is perfect for the tech-forward professional or fitness enthusiast who lives at the intersection of style and innovation—someone who wants cutting-edge AI features seamlessly woven into their daily life without sacrificing the premium aesthetic they expect. They're the type to embrace hands-free convenience, whether they're navigating a busy commute, taking calls during workouts, or staying connected while keeping their hands and eyes free. This gift thrills people who see technology as an extension of their personality rather than just a tool, and who appreciate investing in gear that makes them feel ahead of the curve."
Oakley | Meta Vanguard AI Glasses (Black Prizm Black),789.0,https://www.jbhifi.com.au/products/oakley-meta-vanguard-ai-glasses-black-prizm-black,headphones-speakers-audio,jbhifi,"This is perfect for the tech-forward professional or active enthusiast who refuses to choose between staying connected and staying present—someone who bikes, runs, or commutes daily and wants seamless access to navigation, calls, and music without fumbling for their phone. They're the type who appreciates cutting-edge innovation and invests in quality gear that elevates their lifestyle, whether they're optimizing a workout, navigating a busy day, or exploring new routes. These glasses suit the person who values hands-free convenience and wants to feel like they're living in the future, not stuck in the past."
Bose QuietComfort Ultra Noise Cancelling Headphones (Black),499.0,https://www.jbhifi.com.au/products/bose-quietcomfort-ultra-noise-cancelling-headphones-black,headphones-speakers-audio,jbhifi,"This is perfect for the perpetually busy professional or frequent traveler who craves a sanctuary of peace in chaotic environments—someone who values quality time with their music, podcasts, or calls above almost everything else. They're the type who gets genuinely stressed by background noise and finds deep focus or relaxation nearly impossible without it, whether they're working from coffee shops, commuting, or trying to unwind after a hectic day. This gift will absolutely delight someone who's willing to invest in comfort and serenity because they understand that the right audio experience isn't a luxury—it's essential to their mental well-being."
Bose QuietComfort Ultra Noise Cancelling Headphones Gen 2 (Black),509.0,https://www.jbhifi.com.au/products/bose-quietcomfort-ultra-noise-cancelling-headphones-gen-2-black,headphones-speakers-audio,jbhifi,"This is perfect for the frequent traveler or remote worker who craves peace and quiet in chaotic environments—someone who values uninterrupted focus and serenity whether they're on planes, in coffee shops, or working from home. They're likely an audiophile or music lover who refuses to compromise on sound quality and doesn't mind investing in premium gear that actually delivers on its promises. This gift will thrill someone who's exhausted by constant noise and distractions, giving them back the gift of their own mental space and the ability to truly disconnect."
Bose QuietComfort Ultra Earbuds 2nd Gen (Black),349.0,https://www.jbhifi.com.au/products/bose-quietcomfort-ultra-earbuds-2nd-gen-black,headphones-speakers-audio,jbhifi,"This is perfect for the perpetually busy professional or frequent traveler who craves moments of peace in chaos—someone who values quality sound and seamless noise cancellation to transform their commute, office, or airport terminal into a personal sanctuary. They're the type who invests in their everyday essentials because they appreciate how premium audio can enhance both focus and relaxation, whether they're deep in work calls, unwinding with music, or simply escaping the noise around them. This gift thrills the person who's tired of mediocre earbuds and genuinely notices the difference between good and exceptional sound quality."
Samsung Galaxy Buds3 Pro (Silver),199.0,https://www.jbhifi.com.au/products/samsung-galaxy-buds3-pro-silver,headphones-speakers-audio,jbhifi,"# Who This Gift is Perfect For:

These are ideal for the always-on-the-go professional or fitness enthusiast who refuses to be tethered by wires—someone juggling back-to-back meetings, gym sessions, and commutes who craves seamless audio without the hassle. They're perfect for the tech-forward person in their 20s-40s who appreciates premium sound quality and smart features that integrate effortlessly with their Samsung ecosystem. This gift thrills anyone who's frustrated with tangled cables, poor call quality, or earbuds that won't stay put during workouts, and who values the freedom and sophistication that true wireless audio delivers."
Sennheiser Momentum Wireless 4 (Denim) Over-Ear ANC Headphones,299.0,https://www.jbhifi.com.au/products/sennheiser-momentum-wireless-4-denim-over-ear-anc-headphones,headphones-speakers-audio,jbhifi,"# Perfect Gift For:

This is ideal for the discerning commuter or remote worker who refuses to compromise on sound quality while juggling calls, meetings, and music throughout their day. They're someone who spends hours with headphones on and craves both premium audio and the peace of mind that active noise cancellation brings to chaotic environments. The person who receives this will be thrilled because they've likely been searching for headphones that feel as good as they sound—a stylish, reliable companion that finally justifies ditching those mediocre earbuds."
Sony WH-CH720 Wireless Noise Cancelling Over-Ear Headphones (Black),149.0,https://www.jbhifi.com.au/products/sony-wh-ch720-wireless-noise-cancelling-over-ear-headphones-black,headphones-speakers-audio,jbhifi,"This is perfect for the always-on-the-go professional or student who's tired of distractions—someone juggling commutes, open offices, or noisy coffee shop study sessions and desperately craves their own audio sanctuary. They're the type who values quality sound and peace equally, whether they're deep in work, unwinding with music, or taking calls throughout their day. Anyone in their late teens through early career stages who wants premium wireless audio without the luxury price tag will be genuinely thrilled with this reliable, no-fuss option."
Sony WH-1000XM5 Premium Noise Cancelling Wireless Over-Ear Headphones (Black),419.0,https://www.jbhifi.com.au/products/sony-wh-1000xm5-premium-noise-cancelling-wireless-over-ear-headphones-black,headphones-speakers-audio,jbhifi,"# Perfect For:

This is ideal for the busy professional or remote worker who craves peaceful focus amid chaos—someone juggling back-to-back calls, open offices, or chaotic households who desperately needs to carve out sonic sanctuary. It's also perfect for the frequent traveler or commuter who wants to escape into their own world during long journeys, transforming flights and train rides into personal retreats. The audiophile or music lover who refuses to compromise on quality will be thrilled, as will anyone struggling with sound sensitivity or overstimulation who finally wants to reclaim control over their sonic environment."
JBL PartyBox Club 120 Portable Party Speaker (Black),399.0,https://www.jbhifi.com.au/products/jbl-partybox-club-120-portable-party-speaker-black,headphones-speakers-audio,jbhifi,"This is perfect for the social butterfly who throws impromptu gatherings and wants to be the person who brings the energy to every event—whether it's a backyard BBQ, beach day, or dorm room pregame. They crave the spotlight and love being the host who sets the vibe, and they're thrilled by the idea of commanding a room with premium sound that matches their outgoing personality. This gift speaks to someone in their late teens to early 30s who values experiences over things and wants a reliable companion that transforms any space into an instant party."
Sony 1000X THE COLLEXION Wireless Noise Cancelling Headphones (Platinum),899.0,https://www.jbhifi.com.au/products/sony-1000x-the-collexion-wireless-noise-cancelling-headphones-platinum,headphones-speakers-audio,jbhifi,"This is perfect for the busy professional or frequent traveler who craves moments of peace and refuses to compromise on quality—someone who spends hours commuting, in airports, or juggling back-to-back meetings and desperately needs an escape. They're the type who invests in premium gear because they appreciate craftsmanship and understand that great audio transforms their daily grind into something luxurious. This gift thrills the person who values both performance and prestige, whether they're an audiophile who notices sonic nuances or a wellness-focused individual who sees noise cancellation as essential self-care."
Sony 1000X THE COLLEXION Wireless Noise Cancelling Headphones (Black),899.0,https://www.jbhifi.com.au/products/sony-1000x-the-collexion-wireless-noise-cancelling-headphones-black,headphones-speakers-audio,jbhifi,"This is perfect for the **frequent traveler or remote worker** who craves peace and quiet—whether they're on a 12-hour flight, in a noisy coffee shop, or trying to focus in a chaotic open office. They're someone who values premium sound quality and doesn't mind investing in tools that dramatically improve their daily comfort and productivity. This gift thrills the person who's constantly juggling multiple environments and needs that one reliable escape button to block out the world and immerse themselves in their music, podcasts, or calls with crystal-clear audio."
Apple AirPods Max 2 (Midnight),999.0,https://www.jbhifi.com.au/products/apple-airpods-max-2-midnight,headphones-speakers-audio,jbhifi,"This is perfect for the discerning audiophile or creative professional who refuses to compromise on sound quality and doesn't flinch at premium pricing for best-in-class technology. They're someone who spends hours immersed in music, podcasts, or production work and views their audio gear as an essential investment in their craft or daily joy. The person who loves this gift is typically in their late 20s-40s, financially established, values Apple's ecosystem, and appreciates having the sleekest, most talked-about tech on the market."
JBL Charge 6 Portable Bluetooth Speaker (Black),185.0,https://www.jbhifi.com.au/products/jbl-charge-6-portable-bluetooth-speaker-black,headphones-speakers-audio,jbhifi,"This is perfect for the adventurous friend who's always on the move—whether they're hiking to a remote campsite, throwing a beach day with a group, or road-tripping across the country—and refuses to sacrifice their favorite music along the way. They're the type who values quality sound and reliability, wants gear that can handle both spontaneous outdoor adventures and backyard gatherings, and appreciates a device that won't die on them mid-playlist. Give this to someone who lights up a room with their energy and wants to bring that same vibe everywhere they go."
Sony WH-CH720 Wireless Noise Cancelling Over-Ear Headphones (Pink),149.0,https://www.jbhifi.com.au/products/sony-wh-ch720-wireless-noise-cancelling-over-ear-headphones-pink,headphones-speakers-audio,jbhifi,"This is perfect for the busy young professional or student who's constantly juggling commutes, coffee shop work sessions, and back-to-back calls—someone who needs to escape distractions and create their own audio bubble throughout the day. The vibrant pink color appeals to anyone with a playful, expressive style who refuses to hide their personality behind boring tech, whether they're a creative type, fashion-conscious Gen Z, or someone who just loves making a statement. They're thrilled to get a gift that solves the real problem of noisy environments while letting them feel put-together and stylish during their daily grind."
Sonos Arc Ultra Soundbar (Black),1399.0,https://www.jbhifi.com.au/products/sonos-arc-ultra-soundbar-black,headphones-speakers-audio,jbhifi,"This is perfect for the home entertainment enthusiast who craves immersive movie nights and refuses to compromise on audio quality—someone who's invested in a great TV and now wants sound that matches that caliber. They're the type who notices when dialogue is crisp and clear, appreciates surround sound effects that pull them into the action, and loves hosting friends for film marathons where everyone comments on how good everything sounds. Whether they're a cinephile, a gamer seeking competitive audio advantage, or simply someone in their 30s-50s who's built a comfortable media room they're proud of, they'll be thrilled to upgrade their living room into a true home theater experience."
Bose QuietComfort Earbuds (Black),199.0,https://www.jbhifi.com.au/products/bose-quietcomfort-earbuds-black,headphones-speakers-audio,jbhifi,"# Who This Gift is Perfect For

This is ideal for the perpetually busy professional or remote worker who craves peace and quiet—whether they're escaping noisy offices, commutes, or chaotic households to focus deeply on their work. They're someone who values premium sound quality and active noise cancellation enough to invest in their listening experience, and they'd be thrilled to finally have a sanctuary of silence wherever they go. This gift speaks to anyone juggling constant stimulation who desperately wants to reclaim their attention and create calm moments throughout their hectic day."
Shokz Openrun Pro 2 Wireless Open-Ear Headphones,239.0,https://www.jbhifi.com.au/products/shokz-openrun-pro-2-black,headphones-speakers-audio,jbhifi,"This is perfect for the active person who refuses to choose between music and awareness—the runner, cyclist, or commuter who needs to stay alert to their surroundings while staying motivated by their favorite soundtrack. They're someone who values safety and convenience over isolation, whether they're training for a marathon, navigating city streets, or simply unwilling to miss calls and conversations while on the move. This gift thrills the fitness enthusiast or outdoor adventurer who wants premium audio without the trade-off of blocking out the world around them."
JBL Cinema SB510 3.1 Channel Soundbar with Built-in Subwoofer,140.0,https://www.jbhifi.com.au/products/jbl-cinema-sb510-3-1-channel-soundbar-with-built-in-subwoofer,headphones-speakers-audio,jbhifi,"This is perfect for the movie lover who's tired of straining to hear dialogue on their TV and craves that immersive theater experience at home—someone who binge-watches shows and films and wants to feel every explosion and emotional moment with rich, powerful sound. It's ideal for the budget-conscious tech enthusiast who refuses to compromise on quality audio and appreciates a smart, space-saving setup that transforms their living room without the complexity of a full surround system. They're the type who hosts movie nights and game sessions, someone who values presence and atmosphere and will be absolutely thrilled to finally experience their entertainment the way it was meant to sound."
JBL Flip 6 Portable Bluetooth Speaker,169.0,https://www.jbhifi.com.au/products/jbl-flip-6-portable-bluetooth-speaker-black,headphones-speakers-audio,jbhifi,"This is perfect for the perpetually active person who refuses to leave great sound quality behind—whether they're road-tripping across the country, hosting impromptu beach gatherings, or working out at the gym. They're someone who values freedom and spontaneity, constantly moving between environments and wanting to bring their favorite music or podcasts along without compromise. This gift thrills the person who's tired of tinny, weak speakers and wants studio-quality audio that fits in their backpack."
Sony WF-1000X M6 Truly Wireless Noise Cancelling Earbuds (Black),499.0,https://www.jbhifi.com.au/products/sony-wf-1000x-m6-truly-wireless-noise-cancelling-earbuds-black,headphones-speakers-audio,jbhifi,"# Perfect For:

This is ideal for the discerning commuter or frequent traveler who craves total immersion in their music, podcasts, or calls without the world intruding—someone who values premium sound quality and is willing to invest in that experience. They're the type who spends significant time on planes, trains, or bustling city streets and wants earbuds that deliver both sonic excellence and seamless noise isolation. These earbuds thrill the audiophile or professional who refuses to compromise on quality, whether they're a remote worker managing back-to-back video calls, a fitness enthusiast demanding reliability during workouts, or someone simply unwilling to settle for mediocre audio in their daily"
JBL PartyBox Encore Essential 2 Portable Party Speaker,349.0,https://www.jbhifi.com.au/products/jbl-partybox-encore-essential-2-portable-party-speaker,headphones-speakers-audio,jbhifi,"This is perfect for the social butterfly who's always the one organizing gatherings—whether it's backyard barbecues, beach days, or impromptu dorm room dance parties—and wants to be the hero who brings the soundtrack. They're someone who thrives on creating memorable experiences for their friend group and refuses to let a mediocre sound system limit the vibe they're trying to create. This gift speaks directly to extroverts and natural entertainers who see music as the heartbeat of any celebration and want a speaker that matches their larger-than-life energy."
Bose QuietComfort Ultra Noise Cancelling Headphones Gen 2 (Driftwood Sand),509.0,https://www.jbhifi.com.au/products/bose-quietcomfort-ultra-noise-cancelling-headphones-gen-2-driftwood-sand,headphones-speakers-audio,jbhifi,"This is perfect for the perpetually busy professional or frequent traveler who craves a sanctuary of silence amid chaos—someone who values peace as much as productivity and refuses to compromise on sound quality during their commute, flights, or work-from-home setup. They're the type who invests in their comfort and wellbeing, appreciating premium audio for everything from conference calls to their favorite music, and who gets genuinely excited about noise-cancelling technology that actually works. Gift this to someone juggling a demanding schedule who deserves those rare moments of uninterrupted focus and sonic bliss."
JBL Flip 7 Portable Waterproof Bluetooth Speaker (Black),146.0,https://www.jbhifi.com.au/products/jbl-flip-7-portable-waterproof-bluetooth-speaker-black,headphones-speakers-audio,jbhifi,"# Perfect Gift For:

This is ideal for the adventure-seeker who refuses to leave great music behind—whether they're hiking to a remote waterfall, lounging poolside, or hosting impromptu beach parties. They're the type who values portability and durability over fussy setups, and they'll be thrilled to finally have a speaker that keeps up with their active, outdoorsy lifestyle without sacrificing sound quality. This gift speaks to someone who loves being spontaneous and social, creating instant good vibes wherever they go."
PS5 PlayStation 5 FlexStrike Wireless Fight Stick,299.0,https://www.jbhifi.com.au/products/ps5-playstation-5-flexstrike-wireless-fight-stick,gaming-accessories,jbhifi,"This is perfect for the competitive fighting game enthusiast who lives and breathes games like Street Fighter and Tekken—someone who's serious enough about their craft to invest in pro-level equipment but doesn't want to break the bank. They're the type of gamer who streams their gameplay, attends local tournaments, or simply refuses to play fighting games on a standard controller anymore because they know how much a quality arcade stick elevates their performance and enjoyment. Whether they're a seasoned fighting game veteran or a passionate newcomer who's ready to level up their skills, this gift shows you understand their dedication to mastering their favorite genre."
Nintendo Switch 2 Joy-Con 2 Pair - Light (Blue/Yellow),139.0,https://www.jbhifi.com.au/products/nintendo-switch-2-joy-con-2-pair-light-blue-yellow,gaming-accessories,jbhifi,"This is perfect for the casual gamer who's tired of sharing controllers with friends and family, or the multiplayer enthusiast who hosts game nights and wants vibrant, coordinating pairs ready to go. It's ideal for parents introducing their kids to gaming who need reliable, extra controllers without breaking the bank, as well as competitive players who want backup controllers always charged and ready. Anyone who loves the dopamine hit of collecting colorful gaming gear while solving the very real problem of worn-out Joy-Cons will be thrilled to unwrap this."
Logitech G G305 X SUPERLIGHT Gaming Mouse (Black),149.0,https://www.jbhifi.com.au/products/logitech-g-g305-x-superlight-gaming-mouse-black,gaming-accessories,jbhifi,"This is perfect for the competitive gamer who demands precision and speed—whether they're grinding ranked matches, streaming to an audience, or competing in esports tournaments. They're someone who notices the difference between 95g and 80g, who fine-tunes their setup obsessively, and who believes that shaving milliseconds off their reaction time actually matters. This gift thrills the player who's serious enough to invest in pro-grade gear but doesn't want the bulk, the RGB clutter, or the price tag of a full sponsorship-level setup."
Logitech G G316 X 98 Gaming Keyboard (Black),199.0,https://www.jbhifi.com.au/products/logitech-g-g316-x-98-gaming-keyboard-black,gaming-accessories,jbhifi,This is perfect for the serious competitive gamer or esports enthusiast who demands precision and speed—someone who's grinding ranked matches late into the night and refuses to let their gear hold them back. They're the type who notices every millisecond of response time and invests in their setup because they know quality equipment directly impacts their performance. This gift speaks to someone who takes their gaming identity seriously and appreciates hardware that matches their commitment to the game.
Nintendo Switch 2 Game Traveler Deluxe Travel Case,24.0,https://www.jbhifi.com.au/products/nintendo-switch-2-game-traveler-deluxe-travel-case,gaming-accessories,jbhifi,"This is perfect for the always-on-the-go gamer who refuses to leave their Nintendo Switch behind—whether they're commuting, traveling for work, or heading to a friend's house for a gaming session. They're the type who values organization and protection for their beloved devices, and they appreciate quality accessories that let them game anywhere without worry. Road-trippers, college students, and frequent flyers who live for portable gaming will be absolutely thrilled to unwrap something this practical and thoughtful."
Nintendo Switch 2 Carrying Case & Screen Protector,39.0,https://www.jbhifi.com.au/products/nintendo-switch-2-carrying-case-screen-protector,gaming-accessories,jbhifi,"# Perfect For:

This is ideal for the nomadic gamer who's always on the move—whether commuting, traveling, or heading to a friend's place—and wants peace of mind that their prized console stays scratch-free and protected. They're someone who invests in their gaming setup and appreciates practical accessories that extend the life of their devices without breaking the bank. This gift delights the person who's tired of worrying about dings and screen damage, giving them the freedom to game anywhere without stress."
Nintendo Switch 2 Joy-Con 2 Pair - Light (Purple/Green),139.0,https://www.jbhifi.com.au/products/nintendo-switch-2-joy-con-2-pair-light-purple-green,gaming-accessories,jbhifi,"This is perfect for the vibrant, social gamer who loves playing multiplayer games with friends and family—someone who hosts game nights and needs extra controllers to keep the fun going without interruption. They're the type of person who appreciates bold, eye-catching colors that reflect their fun-loving personality, and they're thrilled when their gaming setup looks as playful as they are. Whether they're a casual player who enjoys couch co-op games or a dedicated Switch enthusiast looking to upgrade their controller collection, this gift solves the practical problem of not having enough controllers while delivering that ""wow, they get me"" feeling."
PS5 PlayStation 5 DualSense Wireless Controller Midnight Black,119.0,https://www.jbhifi.com.au/products/ps5-playstation-5-dualsense-wireless-controller-midnight-black-1,gaming-accessories,jbhifi,"This is perfect for the competitive gamer or PlayStation devotee who's always pushing their setup to the next level—whether they're grinding through the latest AAA titles or dominating in online multiplayer battles. It's ideal for someone who appreciates premium build quality and wants that tactile, immersive gaming experience that comes with DualSense's haptic feedback and adaptive triggers. They're the type who either lost their controller in the heat of gaming, or they're the friend everyone wants on their team because they actually invest in gear that gives them an edge."
Nintendo Switch 2 MicroSD Express 256GB Memory Card,79.0,https://www.jbhifi.com.au/products/nintendo-switch-2-microsd-express-256gb-memory-card,gaming-accessories,jbhifi,This is perfect for the serious Nintendo Switch gamer who's constantly running out of storage space and gets frustrated deleting beloved games to make room for new releases. They're the type who loves having their entire library accessible at a moment's notice—whether they're a completionist collecting every indie gem or a parent managing multiple family profiles with different game preferences. This gift speaks to someone who values seamless gaming experiences and won't settle for the constant game-shuffling that comes with limited storage.
PS5 PlayStation 5 DualSense Edge Wireless Controller,329.0,https://www.jbhifi.com.au/products/ps5-playstation-5-dualsense-edge-wireless-controller-1,gaming-accessories,jbhifi,"This is perfect for the serious competitive gamer or esports enthusiast who demands precision and customization in every match—someone who notices the difference between good and great controls and isn't willing to compromise on performance. They're the type who spends hundreds of hours perfecting their craft in games like Call of Duty, Street Fighter, or Fortnite, and they view their controller as an extension of their reflexes. This gift thrills the player who has already invested in a PS5 and is now leveling up their setup, treating gaming not just as entertainment but as a skill worth mastering."
Nintendo Switch 2 Game Traveler® Deluxe Full System Carry Case,41.0,https://www.jbhifi.com.au/products/nintendo-switch-2-game-traveler-deluxe-full-system-carry-case,gaming-accessories,jbhifi,"This is perfect for the always-on-the-go gamer who refuses to leave their console behind—whether they're commuting, traveling, or rotating between friends' houses for multiplayer sessions. They're someone who values protection and organization, appreciating a thoughtful solution that lets them game anywhere without worry or hassle. This gift thrills the person who games frequently enough that a quality carry case isn't a luxury, but a practical necessity that shows you understand their lifestyle."
PS5 PlayStation 5 DualSense Charging Station,49.0,https://www.jbhifi.com.au/products/ps5-playstation-5-dualsense-charging-station,gaming-accessories,jbhifi,"This is perfect for the dedicated PS5 gamer who's always in the middle of back-to-back gaming sessions and hates the anxiety of a dying controller mid-raid or competitive match. They're the type who values convenience and sleek setup aesthetics—someone who appreciates having their gear organized and ready to go without hunting for cables. Whether they're a hardcore esports enthusiast, a late-night story-game devotee, or someone who hosts multiplayer nights with friends, they'll be thrilled to never scramble for a charger again."
Xbox Wireless Controller for Xbox & PC - Forza Horizon 6 Limited Edition,129.0,https://www.jbhifi.com.au/products/xbox-wireless-controller-for-xbox-pc-forza-horizon-6-limited-edition,gaming-accessories,jbhifi,"This is perfect for the racing game enthusiast who lives and breathes open-world driving games and wants to show off their passion through their gear. They're the type of gamer who appreciates limited edition collectibles as much as high-performance equipment—someone who treats their gaming setup like a curated collection and loves owning exclusive items that fellow fans will recognize and respect. Whether they're a casual weekend racer or a competitive player who streams their gameplay, they'll be thrilled to own a controller that combines functionality with genuine collector's appeal."
PS5 PlayStation 5 DualSense Wireless Controller,119.0,https://www.jbhifi.com.au/products/ps5-playstation-5-dualsense-wireless-controller-2,gaming-accessories,jbhifi,"This is perfect for the competitive gamer or PlayStation enthusiast who craves cutting-edge performance and immersive gameplay experiences—whether they're a hardcore player grinding through the latest AAA titles or a casual fan who loves next-gen gaming features. They're someone who appreciates quality tech and is willing to invest in accessories that enhance their play, and they'd be thrilled to have a spare controller for extended gaming sessions, multiplayer nights with friends, or as a backup when their current one needs charging. This gift delights the person who lives in their gaming setup and sees it as a core part of their lifestyle and identity."
Xbox Rechargeable Battery + USB-C Cable,29.0,https://www.jbhifi.com.au/products/xbox-rechargeable-battery-usb-c-cable,gaming-accessories,jbhifi,"This is perfect for the casual to dedicated gamer who's tired of constantly buying disposable batteries or watching their controller die mid-session. They're someone who values convenience and sustainability—whether they're a busy parent juggling work and gaming time, a college student on a budget, or a hardcore player who can't afford downtime during competitive matches. They'll be thrilled because it solves the constant expense and frustration of battery management while keeping their gaming sessions uninterrupted."
Xbox Wireless Controller Carbon for Xbox & PC - Black,99.0,https://www.jbhifi.com.au/products/xbox-wireless-controller-carbon-for-xbox-pc-black,gaming-accessories,jbhifi,"This controller is perfect for the dedicated gamer who's always looking to upgrade their setup with premium peripherals—whether they're grinding through competitive shooters on Xbox or diving into AAA titles on PC. They're the type who appreciates quality build and aesthetics, often swapping between platforms and wanting a sleek, reliable controller that matches their gaming rig's vibe. This gift will thrill someone who takes their gaming seriously but also values the freedom to play anywhere, from their couch to their desk."
Nintendo Switch 2 Pro Controller,119.0,https://www.jbhifi.com.au/products/nintendo-switch-2-pro-controller,gaming-accessories,jbhifi,"This is perfect for the serious gamer who's spent hundreds of hours mastering their favorite Switch titles and craves the precision and comfort that separates casual players from competitive ones. They're the type who notices input lag, appreciates ergonomic design during marathon gaming sessions, and takes their performance seriously—whether they're speedrunning, playing competitive online games, or diving deep into demanding single-player experiences. This gift speaks to someone who views gaming not just as entertainment but as a hobby they're genuinely invested in, and who will absolutely feel the quality difference in their hands."
Belkin Gaming Tempered Glass Blue Light Filter Screen Protector for Nintendo Switch 2,29.0,https://www.jbhifi.com.au/products/belkin-gaming-tempered-glass-blue-light-filter-screen-protector-for-nintendo-switch-2,gaming-accessories,jbhifi,"This is perfect for the dedicated Nintendo Switch 2 gamer who logs serious hours and wants to protect their investment while reducing eye strain during late-night gaming sessions. Whether they're a competitive player grinding through ranked matches or a casual fan who games for hours after work, they'll appreciate someone who understands their lifestyle enough to care about both their device and their wellness. They're the type who takes their gaming setup seriously but might not always prioritize their own eye health—making this a thoughtful gift from someone who genuinely gets them."
PS5 PlayStation 5 DualSense Wireless Controller Chroma Pearl,88.0,https://www.jbhifi.com.au/products/ps5-playstation-5-dualsense-wireless-controller-chroma-pearl-1,gaming-accessories,jbhifi,"This is perfect for the dedicated PS5 gamer who's been eyeing that sleek Chroma Pearl finish to elevate their setup or replace a worn controller after countless gaming marathons. They're the type who appreciates premium aesthetics as much as performance—someone who streams their gameplay, decorates their gaming space thoughtfully, or simply loves having backup controllers for co-op sessions with friends. Whether they're a competitive esports enthusiast or a casual player who values quality gear, they'll be thrilled to unwrap a controller that feels like a luxury upgrade rather than just a replacement."
Logitech G G923 SE TRUEFORCE Racing Wheel + Pedals and Shifter for PlayStation,499.0,https://www.jbhifi.com.au/products/logitech-g-g923-se-trueforce-racing-wheel-pedals-and-shifter-for-playstation,gaming-accessories,jbhifi,"This is perfect for the serious racing sim enthusiast who treats their hobby like a competitive sport—someone who craves authentic, realistic feedback and wants their home setup to rival a real cockpit. They're the type who streams their gameplay, competes in online leagues, or simply refuses to play racing games with a standard controller anymore because it feels hollow. This gift speaks to someone who has the dedication (and the budget) to invest in their passion and will absolutely feel seen when they unbox a piece of professional-grade equipment."
PS5 PlayStation 5 DualSense Wireless Controller Rhythm Blue,98.0,https://www.jbhifi.com.au/products/ps5-playstation-5-dualsense-wireless-controller-rhythm-blue,gaming-accessories,jbhifi,"# Perfect Gift For:

This is ideal for the dedicated PlayStation gamer who craves premium controllers and appreciates sleek aesthetics—someone who spends hours immersed in competitive shooters, action adventures, or rhythm games and wants gear that matches their passion. They're the type who notices quality details like haptic feedback and adaptive triggers, someone who either gifts themselves the best or whose gaming setup reflects their serious hobby. Whether they're a college student, young professional, or longtime console enthusiast, they're thrilled by vibrant, eye-catching tech that performs as beautifully as it looks."
PS5 PlayStation PULSE Elite Wireless Headset,239.0,https://www.jbhifi.com.au/products/ps5-playstation-pulse-elite-wireless-headset-1,gaming-accessories,jbhifi,"This is perfect for the competitive gamer or streamer who demands crystal-clear communication with teammates and refuses to compromise on audio quality during high-stakes moments. They're someone who spends 20+ hours a week immersed in their favorite games and appreciates premium comfort during marathon sessions—whether they're a console devotee in their teens or a grown-up gamer who still needs that edge over opponents. This gift thrills the person who values both performance and status, wanting gear that looks as serious as their commitment to gaming."
PS5 PlayStation 5 DualSense Wireless Controller Chroma Teal,124.0,https://www.jbhifi.com.au/products/ps5-playstation-5-dualsense-wireless-controller-chroma-teal-1,gaming-accessories,jbhifi,"This is perfect for the dedicated PS5 gamer who wants to level up their setup with a sleek, eye-catching controller that reflects their personal style—whether they're a competitive multiplayer enthusiast or someone who appreciates premium aesthetics alongside performance. It's ideal for the person who spends hours immersed in gaming worlds and deserves a controller that feels as good as it looks, especially if they're tired of the standard white and crave something that stands out on their entertainment shelf. This gift thrills the gamer who values both function and form, making it an exciting choice for someone building out their dream gaming station or treating themselves to a vibrant color upgrade."
ROG Azoth Extreme 20th Anniversary Edition Gaming Keyboard,999.0,https://www.jbhifi.com.au/products/rog-azoth-extreme-20th-anniversary-edition-gaming-keyboard,gaming-accessories,jbhifi,"This is perfect for the hardcore gaming enthusiast who views their setup as a personal statement of identity and craftsmanship—someone who spends countless hours perfecting their gameplay and wants their peripherals to match their dedication. They're the type of person who appreciates limited edition, collectible tech and gets genuinely excited about anniversary releases and exclusive designs that most people overlook. This gift absolutely thrills the competitive or professional gamer, streamer, or esports fan who demands premium build quality and is willing to invest significantly in tools that give them both performance advantages and aesthetic pride in their gaming sanctuary."
Logitech G PRO X2 SUPERSTRIKE LIGHTSPEED Gaming Mouse,299.0,https://www.jbhifi.com.au/products/logitech-g-pro-x2-superstrike-lightspeed-gaming-mouse,gaming-accessories,jbhifi,"This is perfect for the competitive gamer who obsesses over millisecond advantages and refuses to let hardware hold them back—whether they're grinding ranked matches or competing in esports tournaments where every click counts. They're the person who appreciates investing in premium gear that matches their serious dedication to their craft, and they'd be thrilled to receive a mouse engineered for professionals rather than casual players. This gift speaks to someone who views their setup as an extension of their skill and wants tools that perform at the level they aspire to reach."
PS5 PlayStation 5 DualSense Edge Wireless Controller Midnight Black,329.0,https://www.jbhifi.com.au/products/ps5-playstation-5-dualsense-edge-wireless-controller-midnight-black,gaming-accessories,jbhifi,"This is perfect for the serious competitive gamer or esports enthusiast who demands precision and control—someone who's already invested heavily in their gaming setup and views their controller as mission-critical equipment. They're the type who notices input lag, customizes their settings obsessively, and wants pro-level performance without compromise. This gift thrills the player who's tired of standard controllers and is ready to level up their competitive edge."
Moza R5 Racing Bundle for PC,649.0,https://www.jbhifi.com.au/products/moza-r5-racing-bundle-for-pc,gaming-accessories,jbhifi,"This is perfect for the serious sim racing enthusiast who treats their hobby like a genuine sport—someone who's invested hundreds of hours perfecting their craft and craves authentic, competitive gameplay that console controllers simply can't deliver. They're the type of person who appreciates quality engineering and doesn't mind investing in their passion, whether they're competing in online leagues, chasing lap records, or just love the immersive experience of realistic racing dynamics. This gift will thrill someone who's been eyeing a proper racing setup but hesitated on the price, or who's ready to level up from a basic wheel to something that genuinely transforms their sim racing experience."
Logitech G G923 SE TRUEFORCE Racing Wheel + Pedals and Shifter for Xbox,499.0,https://www.jbhifi.com.au/products/logitech-g-g923-se-trueforce-racing-wheel-pedals-and-shifter-for-xbox,gaming-accessories,jbhifi,"This is perfect for the serious racing game enthusiast who's ready to level up from a controller—someone who craves immersive, ultra-realistic gameplay and spends hours mastering tracks across *Forza*, *Gran Turismo*, and other racing sims. They're the type of person who appreciates tactile feedback and precision control, whether they're a competitive online racer chasing leaderboard rankings or a casual sim driver who wants to feel genuinely connected to their virtual machine. This gift speaks to someone who's invested enough in gaming to justify premium equipment and wants their setup to match their passion."
ROG Harpe II Extreme 20th Anniversary Edition Gaming Mouse,399.0,https://www.jbhifi.com.au/products/rog-harpe-ii-extreme-20th-anniversary-edition-gaming-mouse,gaming-accessories,jbhifi,This is perfect for the hardcore competitive gamer or esports enthusiast who views their equipment as an extension of their skill—someone who obsesses over millisecond response times and precision during clutch moments. They're the type who appreciates limited-edition collectibles that celebrate gaming culture and are willing to invest premium dollars into gear that delivers both performance and prestige. This person lives and breathes competitive multiplayer games and wants a mouse that matches their elite ambitions and celebrates two decades of gaming innovation.
Logitech G G29 SE Driving Force Racing Wheel+ Pedals and Shifter for PlayStation,399.0,https://www.jbhifi.com.au/products/logitech-g-g29-se-driving-force-racing-wheel-pedals-and-shifter-for-playstation,gaming-accessories,jbhifi,"This is perfect for the competitive racing game enthusiast who's ready to level up from a controller—someone who craves authentic, immersive gameplay and loves games like Gran Turismo, F1, or Forza. They're the type who appreciates quality gear investments and gets genuinely excited about realistic force feedback and manual shifting, whether they're a hardcore sim racer or someone discovering their passion for racing games. This gift speaks to gamers who want to feel like they're actually behind the wheel and are willing to commit serious time to mastering their craft."
GameSir G7 Pro Wireless Controller for PC & Mobile - Wired for Xbox (Shadow Ember),129.0,https://www.jbhifi.com.au/products/gamesir-g7-pro-wireless-controller-for-pc-mobile-wired-for-xbox-shadow-ember,gaming-accessories,jbhifi,"This is perfect for the serious PC and mobile gamer who demands precision and reliability across multiple platforms—someone who's tired of cheap controllers that lag or disconnect mid-session and wants pro-level performance without the premium price tag. They're the type who streams, competes in online tournaments, or just refuses to compromise on responsiveness during intense gaming moments. This gift absolutely delights the person who's outgrown casual gaming peripherals and treats their setup like the competitive edge it truly is."
Logitech G G920 SE Driving Force Racing Wheel+ Pedals and Shifter for Xbox Series X/S,399.0,https://www.jbhifi.com.au/products/logitech-g-g920-se-driving-force-racing-wheel-pedals-and-shifter-for-xbox-series-x-s,gaming-accessories,jbhifi,"This is perfect for the hardcore racing game enthusiast who's tired of playing with a controller and craves authentic, immersive gameplay that matches their competitive spirit. They're the type of person who gets genuinely excited about sim racing, whether they're grinding through career modes or competing online, and they want equipment that makes them feel like they're actually behind the wheel. If they own an Xbox Series X/S and have been daydreaming about upgrading their setup to feel more professional and realistic, this gift will absolutely blow them away."
PS5 PlayStation 5 DualSense Wireless Controller 007 First Light Limited Edition,134.0,https://www.jbhifi.com.au/products/ps5-playstation-5-dualsense-wireless-controller-007-first-light-limited-edition,gaming-accessories,jbhifi,"This is perfect for the dedicated PlayStation gamer who loves James Bond and exclusive collectibles—someone who appreciates owning limited-edition items that blend their passions into one stunning piece. They're the type of person who displays their gaming gear proudly, values quality and style as much as performance, and gets genuinely excited about special releases that won't be available forever. Whether they're a completionist building their ultimate PS5 collection or a Bond fan who wants gaming gear that reflects their personality, this gift makes them feel truly seen and celebrated."
HyperX Cloud III S Wireless Gaming Headset (Black),229.0,https://www.jbhifi.com.au/products/hyperx-cloud-iii-s-wireless-gaming-headset-black,gaming-accessories,jbhifi,"This is perfect for the competitive gamer or esports enthusiast who demands crystal-clear audio to catch every footstep and gunshot, and who spends long marathon sessions immersed in their favorite games—they'll be thrilled to upgrade from their old headset and finally experience the comfort and sound quality that matches their skill level. It's ideal for the streamer or content creator who needs reliable, professional-grade audio that their audience will actually want to listen to, solving the constant frustration of cheap headsets that make them sound like they're broadcasting from a tin can. This gift suits anyone between their late teens and early 40s who views gaming not just as casual fun but as a serious hobby or passion, and"
PXN V9 Gen2 Premium Steering Wheel,199.0,https://www.jbhifi.com.au/products/pxn-v9-gen2-premium-steering-wheel,gaming-accessories,jbhifi,"This is perfect for the serious sim racing enthusiast who's invested hundreds of hours perfecting their craft on racing games and wants their setup to match their dedication—someone who craves authentic, immersive experiences and isn't satisfied with a standard controller. It's ideal for the competitive gamer who streams their gameplay or joins online racing leagues, as they value equipment that gives them both a performance edge and impressive visuals for their audience. This gift resonates with adults in their 20s-40s who treat gaming as a genuine passion (not a casual pastime) and have the space and commitment to build out a dedicated racing cockpit."
Xbox Elite Wireless Controller Series 2,279.0,https://www.jbhifi.com.au/products/xbox-elite-wireless-controller-series-2,gaming-accessories,jbhifi,"This is perfect for the competitive gamer who demands precision and control—whether they're grinding ranked multiplayer matches or speedrunning their favorite titles—and has the budget to invest in gear that gives them a real edge. It's ideal for someone who spends 20+ hours a week gaming and gets frustrated with standard controllers, craving customization and durability that matches their serious play style. This gift thrills the player who treats gaming like a craft worth perfecting, who appreciates high-quality equipment, and who'll genuinely notice (and love) the difference premium build quality makes in their performance."
LiberNovo Omni Smart Dynamic Ergonomic Chair (Midnight Black),1699.0,https://www.jbhifi.com.au/products/libernovo-omni-smart-dynamic-ergonomic-chair-midnight-black,gaming-accessories,jbhifi,"This chair is perfect for the dedicated gamer or remote worker who spends 8+ hours daily seated and refuses to compromise on comfort or performance—someone who views their setup as an investment in their health and competitive edge. They're the type who notices back pain creeping in after long sessions and wants a chair that actually supports their ambitions rather than sabotaging them with poor posture. This gift thrills the person who has leveled up their monitor, keyboard, and peripherals but knows the real game-changer is finally getting a chair worthy of their commitment."
Moza R3 Racing Bundle for PC,439.0,https://www.jbhifi.com.au/products/moza-r3-racing-bundle-for-pc,gaming-accessories,jbhifi,"This is perfect for the serious sim racing enthusiast who's ready to level up from a controller—someone who spends hours perfecting lap times on iRacing, Assetto Corsa, or F1 24 and craves that authentic, immersive cockpit experience. They're the type who appreciates precision engineering and realistic feedback, whether they're a competitive racer chasing podiums online or a casual speed junkie who loves the escapism of high-performance driving. This gift will absolutely thrill someone caught between casual gaming and full-blown racing rig obsession, giving them the professional-grade feel they've been craving without the five-figure investment."
Moza R3 Racing Bundle for Xbox Series X/S and PC,499.0,https://www.jbhifi.com.au/products/moza-r3-racing-bundle-for-xbox-series-x-s-and-pc,gaming-accessories,jbhifi,"This is perfect for the serious racing sim enthusiast who's ready to level up from casual gaming—someone who spends hours perfecting lap times and craves that authentic cockpit experience at home. They're the type who appreciates quality engineering, studies racing lines obsessively, and wants their setup to feel like a real race car rather than just holding a controller. Whether they're a competitive esports competitor, a hardcore sim racing community member, or an aspiring driver using racing sims to hone their skills, they'll be absolutely thrilled to finally have professional-grade equipment that matches their passion."
XREAL One Pro AR Glasses with X1 Chip (Medium),999.0,https://www.jbhifi.com.au/products/xreal-one-pro-ar-glasses-with-x1-chip-medium,gaming-accessories,jbhifi,"This is perfect for the forward-thinking tech enthusiast and early adopter who craves cutting-edge experiences and loves being the first among their friends to own the next big thing. They're the type who streams gameplay, creates content, or immerses themselves in competitive gaming and wants hardware that matches their ambitious vision of what gaming should be. This gift thrills the person who views technology not just as a tool, but as a gateway to entirely new ways of experiencing entertainment and connecting with their passion."
Amazon Echo Studio (Graphite),429.0,https://www.jbhifi.com.au/products/amazon-echo-studio-graphite,smart-home,jbhifi,"This is perfect for the audiophile who wants premium sound without the clutter of a traditional speaker system, or the busy professional who loves controlling their entire home with voice commands while cooking, working, or unwinding. It's ideal for someone who's invested in smart-home automation and wants a central hub that sounds as good as it performs—someone who refuses to compromise on audio quality just because it's convenient. The person who gets genuinely excited about upgrading their tech setup and loves impressing guests with seamless, hands-free control will be absolutely thrilled."
Amazon Echo Show 11 (Graphite),429.0,https://www.jbhifi.com.au/products/amazon-echo-show-11-graphite,smart-home,jbhifi,"This is perfect for the busy parent or professional who loves staying connected and organized—someone who jugggles multiple calendars, cooking routines, and family coordination and would be thrilled to have a visual hub that keeps everything in sync. It's ideal for the tech-forward home chef who enjoys following recipe videos hands-free while cooking, or the aging parent's adult child who wants an easy way to check in with their loved one through video calling. It also delights the smart-home enthusiast who's already invested in connected devices and craves a central command center that makes their automated life feel effortless and intuitive."
eufy E10 All in One Smart Display,299.0,https://www.jbhifi.com.au/products/eufy-e10-all-in-one-smart-display,smart-home,jbhifi,"This is perfect for the busy, tech-forward person who wants to streamline their entire home with one central hub—whether they're managing a smart home setup, coordinating family schedules, or staying connected while juggling work and life. It's ideal for someone who appreciates elegance and simplicity over clutter, someone who'd rather have one thoughtful device than multiple gadgets scattered around their home. They're likely someone who values convenience and staying organized, and they'd be genuinely thrilled to have a sleek, capable command center that helps them feel more in control of their space and time."
Segway Electric KickScooter E2 Pro,699.0,https://www.jbhifi.com.au/products/segway-electric-kickscooter-e2-pro,smart-home,jbhifi,"This is perfect for the eco-conscious urban commuter who's tired of sitting in traffic or crowding onto public transit and wants to reclaim 20 minutes of their day. They're the type who values efficiency and style in equal measure—someone who appreciates sleek gadgets that solve real problems while making them feel like they're living in the future. Whether they're a young professional commuting to the office, a college student navigating campus, or an adventurous 30-something exploring their city, they'll be thrilled to zip through their daily routes with confidence and a sense of cool independence."
eufy Security eufyCam 3 4K Wireless Home Security System (4-Pack),999.0,https://www.jbhifi.com.au/products/eufy-security-eufycam-3-4k-wireless-home-security-system-4-pack,smart-home,jbhifi,"This is perfect for the busy professional or growing family who wants peace of mind without the hassle of wired installations or monthly monitoring fees—they value independence and control over their home security. Tech-savvy homeowners who enjoy setting up their own smart systems and integrating gadgets into their lifestyle will be thrilled by the wireless flexibility and app-based monitoring. Anyone who travels frequently, works long hours, or has elderly parents/young children at home will love the ability to check in on their property anytime, anywhere, transforming anxiety into actionable awareness."
eufy Security eufyCam 2C Pro 2K Wireless Home Security System (4 Pack),549.0,https://www.jbhifi.com.au/products/eufy-security-eufycam-2c-pro-2k-wireless-home-security-system-4-pack,smart-home,jbhifi,"This is perfect for the anxious parent or remote worker who craves peace of mind while away from home, someone who loses sleep wondering if their front door is really locked or if a package arrived safely. They're the type who appreciates seamless technology that works without complicated setups or monthly subscriptions eating into their budget—practical people who want professional-grade security without the headache of wires or hefty installation fees. This gift speaks to anyone building their first smart home or upgrading their safety setup, whether they're protecting a new house, rental property, or simply ready to trade constant worry for concrete visibility."
eufy EufyCam S4 Security Camera,549.0,https://www.jbhifi.com.au/products/eufy-eufycam-s4-security-camera,smart-home,jbhifi,"This is perfect for the conscientious homeowner or parent who loses sleep worrying about package theft, break-ins, or whether they remembered to lock up—someone who craves peace of mind and wants to check in on their home from anywhere. It's ideal for the tech-savvy person who appreciates quality without unnecessary complexity, and who values both security and the freedom to travel, work late, or simply live without constant anxiety. They're the type who will feel genuinely relieved and empowered knowing they can monitor their property in real-time and have clear footage if anything ever goes wrong."
eufy E42 Security Camera Kit (4 Pack),999.0,https://www.jbhifi.com.au/products/eufy-e42-security-camera-kit-4-pack,smart-home,jbhifi,"This is perfect for the security-conscious homeowner or new parent who loses sleep worrying about their property and loved ones' safety—they're the type who checks their phone compulsively and will be thrilled to finally have peace of mind. It's ideal for tech-savvy DIYers and remote workers who spend time at home and want professional-grade protection without complicated installation or monthly fees. This gift suits anyone transitioning to smart-home living or upgrading their security system, especially those who value privacy and want local storage rather than cloud-dependent solutions."
"Jackson Frameo Boxy Smart Digital Photo Frame 10.1"" 16GB (Oak)",171.0,https://www.jbhifi.com.au/products/jackson-frameo-boxy-smart-digital-photo-frame-10-1-16gb-oak,smart-home,jbhifi,"This is perfect for the sentimental parent or grandparent who loves staying connected to family moments but doesn't want another screen cluttering their space—they appreciate beautiful, tasteful home décor that doubles as a meaningful way to display rotating photos from loved ones. Tech-curious empty nesters and busy professionals will be thrilled to receive it because it solves the problem of dusty photo frames gathering memories while enabling them to enjoy fresh images automatically without any fussing. It's also ideal for the friend who's hard to shop for but has a minimalist aesthetic and values experiences and connections over possessions."
Segway Max G3 Electric Scooter,1599.0,https://www.jbhifi.com.au/products/segway-max-g3-electric-scooter,smart-home,jbhifi,"This is perfect for the urban adventurer who's tired of being stuck in traffic or waiting for unreliable public transit—someone who values efficiency and independence in their daily commute. They're tech-savvy, environmentally conscious, and thrive on the freedom of zipping through city streets while staying connected; they'd be thrilled to cut their commute time in half and arrive at work energized rather than drained. This gift speaks to the person who sees their commute as an opportunity for adventure, not a chore, and who appreciates the blend of cutting-edge technology with a more sustainable lifestyle."
Segway ZT3 Pro Electric Kick Scooter,1399.0,https://www.jbhifi.com.au/products/segway-zt3-pro-electric-kick-scooter,smart-home,jbhifi,"This is perfect for the urban commuter who's tired of being stuck in traffic and craves the freedom of zipping through city streets on their own terms—someone who values both efficiency and style in their daily grind. They're the type who appreciates cutting-edge tech and sleek design, and they're willing to invest in premium quality because they see their commute as an extension of their lifestyle, not just a chore. Thrill-seekers and early adopters who want to turn heads while reducing their carbon footprint will be absolutely thrilled to own this status symbol on wheels."
Philips Hue Colour Ambiance Bluetooth Downlight 90mm,99.0,https://www.jbhifi.com.au/products/philips-hue-colour-ambiance-bluetooth-downlight-90mm,smart-home,jbhifi,"This is perfect for the design-conscious homebody who loves experimenting with mood and ambiance—whether they're hosting intimate dinner parties, creating the perfect work-from-home setup, or unwinding after a long day. They're someone who appreciates smart technology that actually simplifies their life rather than complicates it, and they're willing to invest in quality lighting that transforms how their space feels. This gift delights people who are tired of harsh overhead lights and crave the ability to customize their environment to match their mood, whether that's energizing morning light or cozy evening warmth."
eufy Security eufyCam 2C Pro 2K Wireless Home Security System (2 Pack),349.0,https://www.jbhifi.com.au/products/eufy-security-eufycam-2c-pro-2k-wireless-home-security-system-2-pack,smart-home,jbhifi,"This is perfect for the busy parent or frequent traveler who lies awake at night worrying about home security but refuses to pay for expensive professional monitoring or deal with complicated wiring. They're tech-savvy enough to appreciate seamless app integration and smart notifications, yet practical enough to value a plug-and-play solution that actually works without a technician visit. They want peace of mind—the ability to glance at their phone from anywhere and know their family and belongings are safe, turning anxiety into confidence."
eufy S340 SOLOCAM Security Camera with Homebase (2 Pack),799.0,https://www.jbhifi.com.au/products/eufy-s340-solocam-security-camera-with-homebase-2-pack,smart-home,jbhifi,"This is perfect for the busy parent or remote worker who loses sleep worrying about home security but wants zero monthly fees or complicated subscriptions holding them back. They're someone who values independence and control—whether they're protecting their first home, vacation property, or elderly parents' residence—and they'll be thrilled by the peace of mind that comes from checking in anytime without relying on a service company. This gift resonates with tech-savvy homeowners who appreciate quality over gimmicks and want a robust security system that works reliably without the hassle."
eufy S4 Max NVR POE 24/7 Security Camera System [4 PTZ Cameras],1599.0,https://www.jbhifi.com.au/products/eufy-s4-max-nvr-poe-24-7-security-camera-system-4-ptz-cameras,smart-home,jbhifi,"This is perfect for the security-conscious homeowner or property manager who loses sleep worrying about break-ins, package theft, or monitoring rental properties from afar—they crave complete peace of mind and visibility into what's happening on their property 24/7. Tech-savvy DIYers and home automation enthusiasts will be thrilled by the sophisticated setup and seamless integration into their smart ecosystem. Small business owners protecting storefronts or parking lots, as well as anyone with a larger property or multiple access points, will appreciate finally having professional-grade surveillance without the hefty monthly monitoring fees."
eufy EufyCam S4 Security Camera (2 Pack),1299.0,https://www.jbhifi.com.au/products/eufy-eufycam-s4-security-camera-2-pack,smart-home,jbhifi,"This is perfect for the security-conscious homeowner or new parent who loses sleep worrying about what's happening outside their door—whether that's package theft, unexpected visitors, or monitoring their driveway while away. They're someone who values peace of mind enough to invest in reliable technology, appreciates the convenience of checking in on their home from anywhere, and wants a system that actually works without constant app crashes or false alarms. This gift delights the person juggling work travel, a growing family, or a valuable property who finally wants to stop feeling vulnerable and start feeling in control."
eufy S3 Pro Security Camera Kit (4 Pack),1999.0,https://www.jbhifi.com.au/products/eufy-s3-pro-security-camera-kit-4-pack-1,smart-home,jbhifi,"This is perfect for the thoughtful homeowner or new parent who loses sleep worrying about their family's safety and wants peace of mind without sacrificing their aesthetic. They're the type who appreciates investing in quality tech that works seamlessly in the background—someone juggling a busy life who values convenience and doesn't want to fiddle with complicated setups or monthly subscriptions. Whether they're protecting a growing family, a new property, or simply reclaiming their sense of security, they're ready to stop compromising between safety and style."
eufy C30 Video Doorbell,99.0,https://www.jbhifi.com.au/products/eufy-c30-video-doorbell,smart-home,jbhifi,"# Who This Is Perfect For:

This is ideal for the security-conscious homeowner or renter who wants peace of mind without a hefty investment—someone juggling work, family, and a busy life who appreciates knowing who's at their door even when they're not home. They're tech-savvy enough to value smart home automation but pragmatic about budget, and they'd be thrilled to eliminate those anxious moments of wondering if a package was stolen or who rang the bell while they were away. This gift speaks to parents protecting their families, remote workers managing their homes from anywhere, and anyone living in an area where package theft or unexpected visitors are legitimate concerns."
Segway KickScooter C2 Pro,499.0,https://www.jbhifi.com.au/products/segway-kickscooter-c2-pro,smart-home,jbhifi,"This is perfect for the urban commuter or city explorer who values efficiency and independence—someone who's tired of being stuck in traffic or waiting for the next bus and wants a sleek, tech-forward solution that gets them moving. They're likely a young professional or student who appreciates gadgets and loves the feeling of gliding through their city with style and minimal effort. This gift thrills the person who's always looking for that sweet spot between exercise, convenience, and sustainable living—someone ready to ditch the car keys for a smarter, speedier ride."
eufy Security E340 Dual Camera Video Doorbell,299.0,https://www.jbhifi.com.au/products/eufy-security-e340-dual-camera-video-doorbell,smart-home,jbhifi,"This is perfect for the security-conscious homeowner or renter who wants peace of mind without a complicated setup—someone juggling work and family who appreciates smart technology that just works. They're the type who loves staying informed about what's happening at their door whether they're at the office, traveling, or tucking kids into bed, and they get genuinely excited about convenience features that simplify daily life. If they've ever felt anxious about package deliveries, unexpected visitors, or simply wanting to screen who's at the door, this gift will make them feel genuinely protected and in control."
TP-LINK Tapo 2K Pan & Tilt Wi-Fi Security Camera [2 Pack],69.0,https://www.jbhifi.com.au/products/tp-link-tapo-2k-pan-tilt-wi-fi-security-camera-2-pack,smart-home,jbhifi,"This is perfect for the conscientious parent or pet owner who worries when they're away from home and craves real-time peace of mind—whether they're checking in on their kids with the nanny, monitoring their dog during the workday, or keeping tabs on their front door while traveling. Tech-savvy homeowners who appreciate affordable smart-home solutions will love the dual-camera setup that lets them cover multiple vulnerable areas without breaking the bank. Anyone building their first smart-home security system or looking to expand their existing setup will be thrilled by the plug-and-play ease and the ability to pan and tilt remotely, giving them complete visibility without professional installation."
Sonos Era 300 Smart Speaker (Black),559.0,https://www.jbhifi.com.au/products/sonos-era-300-smart-speaker-black,smart-home,jbhifi,"This is perfect for the audiophile who refuses to compromise on sound quality and wants their entire home to feel like a premium listening experience—whether they're streaming jazz while cooking, hosting dinner parties, or working from home. It's ideal for the tech-forward person who loves seamlessly integrating their devices and appreciates the convenience of voice control, smart home automation, and multi-room audio without the clutter of visible wires. They're someone who invests in their living space because they spend real time there, and they get genuinely excited about upgrading their everyday environment with intelligent, beautiful technology."
NIU KQi2 Pro Electric Kick Scooter (Grey),599.0,https://www.jbhifi.com.au/products/niu-kqi2-pro-electric-kick-scooter-grey,smart-home,jbhifi,"This is perfect for the urban commuter who's tired of car payments, parking hassles, and sitting in traffic—someone who values speed, convenience, and looking cool while getting to work or around the city. They're the type who embraces modern tech, appreciates quality gear, and wants to shave 20 minutes off their daily commute while staying active and eco-conscious. Think of the young professional, college student, or city dweller who gets genuinely excited about optimizing their lifestyle and would feel like a total rockstar zipping through town on a premium scooter."
eufy Security eufyCam 2C Pro 2K Wireless Home Security System (3 Pack),449.0,https://www.jbhifi.com.au/products/eufy-security-eufycam-2c-pro-2k-wireless-home-security-system-3-pack,smart-home,jbhifi,"This is perfect for the busy parent or remote worker who worries about home security but doesn't want the hassle of complicated installations or monthly monitoring fees—they crave peace of mind without friction. It's ideal for the tech-savvy homeowner who values independence and control, wanting to monitor their property on their own terms through their smartphone while traveling, at the office, or across town. Anyone who's ever felt vulnerable leaving their home empty, or who wants to keep tabs on deliveries, pets, or family members coming and going, will be genuinely thrilled to have this level of visibility and reassurance."
Google Nest Doorbell (Battery),174.0,https://www.jbhifi.com.au/products/google-nest-doorbell-battery,smart-home,jbhifi,"This is perfect for the busy parent or remote worker who values peace of mind and wants to screen visitors without leaving their desk or interrupting their day. Tech-forward homeowners who appreciate seamless integration with their existing smart home ecosystem will be thrilled by the convenience of instant alerts and video access from anywhere. Security-conscious people who live in apartments or rental homes will love that it installs without hardwiring, giving them protection and control without landlord complications."
Google Nest Outdoor/ Indoor Battery Security Camera [3 Pack],378.0,https://www.jbhifi.com.au/products/google-nest-outdoor-indoor-battery-security-camera-3-pack,smart-home,jbhifi,"This is perfect for the vigilant homeowner or renter who loses sleep worrying about package theft, break-ins, or their family's safety—they crave peace of mind and the ability to check in on their home from anywhere. Tech-savvy parents juggling busy schedules absolutely love this gift because it lets them monitor their property without installing complicated wiring, fitting seamlessly into their already-connected smart home ecosystem. Remote workers and frequent travelers who want to keep tabs on their front door, driveway, and backyard will be thrilled, as it transforms anxiety into actionable awareness at a glance."
eufy Security 2k Indoor Pan & Tilt Camera,79.0,https://www.jbhifi.com.au/products/eufy-security-2k-indoor-pan-tilt-camera,smart-home,jbhifi,"This is perfect for the tech-savvy homebody or busy parent who craves peace of mind without the complexity—someone who wants to check in on their apartment, pet, or kids while at work but doesn't want to fumble through complicated apps. It's ideal for the person who values convenience and modern living, whether they're a young professional setting up their first smart home or an older adult wanting to monitor their space with user-friendly technology. This gift delights anyone who appreciates smart solutions that actually work intuitively, turning security anxieties into quiet confidence."
eufy V2 Advanced Security Camera Kit,799.0,https://www.jbhifi.com.au/products/eufy-v2-advanced-security-camera-kit,smart-home,jbhifi,"This is perfect for the tech-savvy homeowner who takes security seriously but doesn't want the hassle of professional monitoring contracts—someone who loves having complete control over their smart home ecosystem and enjoys the peace of mind that comes with 24/7 surveillance at their fingertips. It's ideal for busy parents, frequent travelers, and remote workers who want to keep a watchful eye on their property, packages, and loved ones without monthly fees eating into their budget. This gift will thrill anyone who's been anxious about home safety or package theft, giving them the independence and confidence to protect what matters most."
Swann MaxRanger4K Mini Long-Range Wireless Solar Security System (4 Pack),699.0,https://www.jbhifi.com.au/products/swann-maxranger4k-mini-long-range-wireless-solar-security-system-4-pack,smart-home,jbhifi,"This is perfect for the tech-savvy homeowner or property manager who values peace of mind without the hassle of wiring and monthly subscriptions—someone who wants cutting-edge security but refuses to compromise on convenience or sustainability. They're the type who appreciates that solar-powered means zero maintenance, longer battery life, and worry-free monitoring whether they're at home, on vacation, or managing multiple properties. This gift speaks to independent-minded people who take their safety seriously but want the freedom of a wire-free system that actually delivers professional-grade performance."
Philips Hue Bridge Pro,179.0,https://www.jbhifi.com.au/products/philips-hue-bridge-pro,smart-home,jbhifi,"This is perfect for the tech-forward homeowner who loves automating every corner of their living space and craves seamless control over their smart devices from anywhere in the world. They're the type who gets genuinely excited about connectivity, enjoys tinkering with smart-home ecosystems, and wants the reliability of a professional-grade hub rather than cobbling together basic solutions. If someone is building out an ambitious smart-home setup and values stability, remote access, and the ability to integrate multiple devices without constant troubleshooting, they'll be absolutely thrilled with this gift."
Swann MaxRanger V2 Security Camera Kit (6 Pack),1189.0,https://www.jbhifi.com.au/products/swann-maxranger-v2-security-camera-kit-6-pack,smart-home,jbhifi,"This is perfect for the conscientious homeowner or property manager who loses sleep worrying about security and craves complete peace of mind—whether they're protecting a growing family, monitoring a rental property, or safeguarding a business they've built from the ground up. Tech-savvy DIYers who enjoy taking control of their own systems (rather than paying monthly monitoring fees) will be thrilled by the comprehensive coverage and installation flexibility. Empty nesters and frequent travelers especially appreciate this gift because it lets them stay connected to what matters most, transforming anxiety about leaving home into confidence and control."
eufy SoloCam S340 Security Camera,349.0,https://www.jbhifi.com.au/products/eufy-solocam-s340-security-camera,smart-home,jbhifi,"This is perfect for the security-conscious homeowner or renter who values peace of mind—whether they're frequently away, have valuable possessions to protect, or simply want to monitor their property while traveling. It's ideal for tech-savvy individuals who appreciate seamless smart-home integration and prefer a straightforward setup without monthly subscription fees draining their budget. Anyone who's ever worried about package theft, break-ins, or just wants to check in on their home remotely will be absolutely thrilled to unwrap this gift."
"Jackson Frameo Smart Digital Photo Frame 10.1"" 16GB (White Oak)",164.0,https://www.jbhifi.com.au/products/jackson-frameo-smart-digital-photo-frame-10-1-16gb-white-oak,smart-home,jbhifi,"This is perfect for the sentimental parent or grandparent who loves staying connected to distant family—they'll be thrilled to receive a stream of photos from their kids and grandkids without having to ask or scroll through their phone. It's ideal for the busy professional or empty-nester who wants their home to feel warm and lived-in, transforming blank wall space into a dynamic gallery that celebrates their loved ones. Tech-savvy people in their 50s-70s who are embracing smart home technology will especially appreciate how easy it is to use, making them feel modern and connected without the learning curve."
Swann 4K AdvancedX Series NVR Security System [6 Camera Kit],749.0,https://www.jbhifi.com.au/products/swann-4k-advancedx-series-nvr-security-system-6-camera-kit,smart-home,jbhifi,"# Who This Gift Is Perfect For

This is ideal for the conscientious homeowner or new parent who loses sleep worrying about their family's safety—someone who values peace of mind enough to invest in it. They're the type who meticulously plans home improvements, appreciates cutting-edge tech that actually works, and wants crystal-clear visibility into what's happening around their property whether they're at work, traveling, or simply upstairs. This gift speaks to the person who takes security seriously but doesn't want complicated installation or a system requiring constant technical support."
Tractive GPS Tracker Dog 6 (Black),59.0,https://www.jbhifi.com.au/products/tractive-gps-tracker-dog-6-black,smart-home,jbhifi,"This is perfect for anxious pet parents who lose sleep worrying about their adventurous or escape-prone dogs—especially those with older pups, anxious breeds, or rescue dogs with unpredictable wandering habits. It's ideal for active people who love hiking, traveling, or spending time outdoors and want the peace of mind to let their dogs explore freely without fear of losing them. Dog lovers who are tech-savvy but also deeply connected to their pets will be thrilled by a gift that blends their love of innovation with their devotion to keeping their best friend safe."
Connect Smart Home Garage Door Opener with Improved Magnetic Sensor,49.0,https://www.jbhifi.com.au/products/connect-smart-home-garage-door-opener-with-improved-magnetic-sensor,smart-home,jbhifi,"This is perfect for the busy parent or remote worker who's constantly juggling tasks and needs peace of mind knowing whether the garage door is open or closed—especially those who've ever driven halfway to work wondering if they remembered to close it. It's ideal for tech-savvy homeowners who love automating their lives and enjoy the convenience of controlling their home from their phone, even when they're miles away. Anyone who values security and efficiency—from young professionals living in their first homes to empty nesters looking to upgrade their safety features—will be thrilled to eliminate the anxiety of an unsecured garage."
Philips Hue White Ambiance 800 Lumens Bluetooth Downlight 90mm,84.0,https://www.jbhifi.com.au/products/philips-hue-white-ambiance-800-lumens-bluetooth-downlight-90mm,smart-home,jbhifi,"# Who This Gift is Perfect For:

This is ideal for the tech-forward home decorator who loves optimizing their living space with intuitive gadgets—someone who gets genuinely excited about automating their environment and curating the perfect ambiance for every mood. They're the type who appreciates quality lighting that adapts to their lifestyle, whether they're winding down after work, hosting dinner guests, or creating the ideal focus environment for a creative project. This gift thrills the person who wants to upgrade their home's functionality without the hassle of complicated installations or systems."
Panasonic LUMIX TZ99 30x Zoom Compact Camera (Black),799.0,https://www.jbhifi.com.au/products/panasonic-lumix-tz99-30x-zoom-compact-camera-black,cameras,jbhifi,"This camera is perfect for the adventurous traveler who refuses to choose between mobility and quality—someone who wants professional-grade zoom capabilities without lugging around heavy DSLR gear through airports and hiking trails. They're the type of person who captures spontaneous moments on weekend getaways, documents family vacations in stunning detail, and loves sharing vibrant photos on social media or in printed albums. This gift thrills the curious explorer, the photography enthusiast who's ready to level up from their smartphone, or the retiree with newfound time to chase sunsets and wildlife across the world."
Canon EOS R50 Mirrorless Camera with RFS 18-45mm Lens Kit,998.0,https://www.jbhifi.com.au/products/canon-eos-r50-mirrorless-camera-with-rfs-18-45mm-lens-kit,cameras,jbhifi,"# Who This is Perfect For

This is the ideal gift for creative young adults and emerging content creators—vloggers, TikTokers, and Instagram storytellers—who are ready to level up from their smartphones and want professional-quality video and photos without the intimidating complexity of traditional DSLRs. It's perfect for the curious hobbyist photographer or filmmaker in their 20s-30s who craves that satisfying blend of intuitive controls, stunning image quality, and compact portability for capturing everyday adventures, travel moments, or passion projects. Anyone who's been saying ""I want to get serious about photography but don't know where to start"" will be absolutely thrilled to unwrap this gateway into creative expression"
DJI Osmo Mobile 8 Gimbal,176.0,https://www.jbhifi.com.au/products/dji-osmo-mobile-8-gimbal,cameras,jbhifi,"This is perfect for the creative content creator who's tired of shaky, amateur-looking videos and wants to elevate their Instagram Reels, TikToks, or YouTube content without breaking the bank. It's ideal for the on-the-go storyteller—whether they're a travel vlogger, fitness enthusiast documenting their journey, or social media personality—who values smooth, professional-quality footage that makes their phone videos stand out. They're someone who's serious about their craft but doesn't want to lug around heavy camera equipment, and they'll be thrilled to transform their smartphone into a cinematic tool that actually makes their vision look as good as it feels."
Insta360 Luna Ultra Ultra 8K Gimbal Camera Creator Bundle (Cosmic Black),1549.0,https://www.jbhifi.com.au/products/insta360-luna-ultra-ultra-8k-gimbal-camera-creator-bundle-cosmic-black,cameras,jbhifi,"# Perfect For:

This is ideal for ambitious content creators and streamers who are serious about their craft and ready to invest in professional-grade equipment—whether they're vlogging, creating cinematic shorts, or building a personal brand across platforms. They're the type who gets genuinely excited about technical capabilities and production quality, constantly pushing to make their content stand out in a crowded digital landscape. These are creative professionals or dedicated hobbyists who value stability, 8K clarity, and gimbal technology that makes their footage look polished and intentional."
DJI Osmo Pocket 4 Creator Combo,959.0,https://www.jbhifi.com.au/products/dji-osmo-pocket-4-creator-combo,cameras,jbhifi,"# Perfect Gift For:

This is ideal for the creative adventurer who documents their life across travel, vlogging, or content creation but doesn't want to carry heavy camera gear. They're the type who values cinematic quality and storytelling over technical specs—someone who's always looking for that perfect shot during hikes, vacations, or everyday moments, and gets excited about editing polished videos to share with their audience. Whether they're a budding TikTok creator, a travel influencer, or simply someone who loves capturing memories with professional flair, they'll be thrilled to finally have a compact, powerful tool that fits in their pocket and matches their on-the-go lifestyle."
GoPro Hero13 Black 5.3K HyperSmooth 6.0 Action Cam,399.0,https://www.jbhifi.com.au/products/gopro-hero13-black-5-3k-hypersmooth-6-0-action-cam,cameras,jbhifi,"This is perfect for the adventure seeker who's constantly chasing adrenaline—whether they're mountain biking down steep trails, surfing epic waves, or hiking to remote peaks—and wants to relive and share those heart-pounding moments in stunning clarity. It's ideal for the creative content creator or social media enthusiast who's tired of shaky, mediocre footage and wants their audience to actually *feel* the intensity and beauty of their experiences. Anyone with a passion for extreme sports, travel vlogging, or documenting their active lifestyle will be absolutely thrilled to transform their POV into cinematic-quality content that captures what their eyes see in real-time."
GoPro Mission 1 Pro 8K Compact Cinema Camera,1099.0,https://www.jbhifi.com.au/products/gopro-mission-1-pro-8k-compact-cinema-camera,cameras,jbhifi,"This is perfect for the adventurous creator who refuses to choose between capturing their wildest experiences and actually living them—whether they're backcountry skiing, surfing, skydiving, or exploring remote corners of the globe. They're the type who gets genuinely excited about cinematic quality footage and wants their travel content to look as stunning as their memories feel, not grainy or mediocre. This gift delights the ambitious vlogger, filmmaker, or social media creator who's ready to level up from phone videos and finally produce professional-grade material that matches their creative vision."
DJI Mic Mini 2 (2 TX + 1 RX + Charging Case),149.0,https://www.jbhifi.com.au/products/dji-mic-mini-2-2-tx-1-rx-charging-case,cameras,jbhifi,"This is perfect for content creators, YouTubers, and podcasters who are tired of wrestling with tangled cables and poor audio quality ruining their recordings. Anyone who values crystal-clear sound whether they're filming vlogs, conducting interviews, or streaming—but hates being tethered to a desk or microphone stand—will be thrilled by the wireless freedom this gives them. It's ideal for the organized, tech-savvy person in their 20s-40s who appreciates compact, professional-grade tools that make their creative work feel effortless and polished."
DJI Osmo Pocket 4 Standard Combo,769.0,https://www.jbhifi.com.au/products/dji-osmo-pocket-4-standard-combo,cameras,jbhifi,"This is perfect for the creative adventurer who's always capturing moments but frustrated by shaky phone footage or bulky camera gear slowing them down. They're the type who documents their travels, vlogs, or creative projects with genuine passion, and they'll be thrilled by a tool that delivers cinema-quality video without the learning curve or equipment burden. Whether they're a content creator building their audience, a traveler wanting professional-looking memories, or a filmmaker exploring their craft, they'll love having a powerful handheld studio that fits in their pocket."
Insta360 X5 8K 360 Action Camera Essentials Bundle,939.0,https://www.jbhifi.com.au/products/insta360-x5-8k-360-action-camera-essentials-bundle,cameras,jbhifi,"This is perfect for the adventurous content creator who's always chasing the next viral moment—whether they're hiking remote peaks, traveling internationally, or documenting extreme sports—and wants cinematic, immersive footage that stands out on social media. They're the type who gets excited about cutting-edge tech and doesn't shy away from learning new creative tools, thriving when they can push the boundaries of traditional storytelling. This gift delights the person who's tired of flat, limited-perspective videos and craves the ability to capture every angle of their most memorable experiences in stunning 8K quality."
DJI Osmo Pocket 3 4K 3 Axis Gimbal Camera Combo,779.0,https://www.jbhifi.com.au/products/dji-osmo-pocket-3-4k-3-axis-gimbal-camera-combo,cameras,jbhifi,"This is perfect for creative adventurers and content creators who are constantly on the move—whether they're traveling, hiking, vlogging, or documenting life's moments—and who get frustrated with shaky phone footage or bulky camera gear that slows them down. They're the type of person who sees the world through a visual lens and wants to share their experiences with cinematic quality, but values portability and ease of use over complicated setups. This gift will absolutely thrill anyone who's been wanting to level up their storytelling without sacrificing their spontaneity and freedom."
DJI Osmo Pocket 3 4K 3 Axis Gimbal Camera,569.0,https://www.jbhifi.com.au/products/dji-osmo-pocket-3-4k-3-axis-gimbal-camera,cameras,jbhifi,"This is perfect for the creative adventurer who's always capturing moments but frustrated with shaky phone footage—whether they're a content creator building their Instagram presence, a travel vlogger documenting their next journey, or someone who simply wants cinematic-quality videos without lugging around heavy equipment. They're the type who values portability and ease of use over complexity, yet still demands professional results, and they light up at the idea of turning everyday experiences into polished, shareable content. This gift thrills the person who's tired of settling for ""good enough"" video quality and is ready to level up their storytelling."
DJI Osmo Action 4 Standard Combo,299.0,https://www.jbhifi.com.au/products/dji-osmo-action-4-standard-combo,cameras,jbhifi,"This is perfect for the adventurous friend or family member who's always hiking, traveling, or chasing thrills—whether they're mountain biking, surfing, or exploring new cities—and wants to effortlessly capture their experiences without the bulk of traditional cameras. They're the type who lives for action and authentic moments rather than posed shots, and they're frustrated by shaky phone footage or missing out on recording because their hands are full. They'd be thrilled to have a compact, durable camera that lets them relive and share their adventures in crisp, professional-quality video."
Kodak Pixpro FZ55 Digital Compact Camera (Black),249.0,https://www.jbhifi.com.au/products/kodak-pixpro-fz55-digital-compact-camera-black,cameras,jbhifi,"This is perfect for the casual traveler or nostalgic Gen X/millennial who wants foolproof, high-quality photos without the learning curve of smartphone cameras or expensive DSLRs. They're the type who appreciates a dedicated device that fits in a pocket, loves capturing family moments at vacations and gatherings, and wants something reliable that won't drain their phone battery. This gift speaks to anyone who's ready to move beyond their phone's camera but isn't ready to commit to serious photography—they just want beautiful, worry-free memories."
Fujifilm X-T30 III Mirrorless Camera with 13-33mm Lens (Charcoal/Silver),1639.0,https://www.jbhifi.com.au/products/fujifilm-x-t30-iii-mirrorless-camera-with-13-33mm-lens-charcoal-silver,cameras,jbhifi,"This is perfect for the creative adventurer who's ready to level up from smartphone photography—someone who craves beautiful, film-like images and wants a camera that feels as good in their hands as it performs. They're the type who documents their travels, loves experimenting with composition, and appreciates gear that balances serious capability with portability enough to carry everywhere. This gift thrills the person who's been saying ""I want to get into real photography"" but needed something intuitive enough to actually *use* rather than let collect dust."
Fujifilm X-M5 Mirrorless Camera with XC 15-45mm Lens (Black),1319.0,https://www.jbhifi.com.au/products/fujifilm-x-m5-mirrorless-camera-with-xc-15-45mm-lens-black,cameras,jbhifi,"This camera is perfect for the creative explorer who's ready to level up from their smartphone—someone who finds joy in capturing authentic moments and wants the freedom to express their artistic vision through manual controls and interchangeable lenses. They're likely a young professional, content creator, or passionate hobbyist in their 20s-30s who values both quality and portability, spending weekends traveling, documenting their life, or building a social media presence with visually stunning imagery. This gift thrills the person who's been talking about ""getting serious"" about photography but has felt intimidated by complexity—they crave a camera that's powerful yet intuitive, compact enough to carry everywhere, and finally worthy of their creative ambitions."
Insta360 Luna Ultra 8K Gimbal Camera Standard Bundle (Cosmic Black),1229.0,https://www.jbhifi.com.au/products/insta360-luna-ultra-8k-gimbal-camera-standard-bundle-cosmic-black,cameras,jbhifi,"This is perfect for the creative content creator who's tired of shaky, unprofessional footage and wants broadcast-quality results without the learning curve—whether they're a streamer, vlogger, or social media star constantly chasing the algorithm. It's ideal for the tech-forward person in their 20s-40s who views their phone as a creative tool and wants cutting-edge stabilization that transforms casual moments into cinematic content. They'll be thrilled because they can finally produce polished, 8K-ready videos that make their audience stop mid-scroll, all while keeping their hands free and their workflow seamless."
DJI Mic Mini 2 (2 TX + 1 Mobile RX + Charging Case),119.0,https://www.jbhifi.com.au/products/dji-mic-mini-2-2-tx-1-mobile-rx-charging-case,cameras,jbhifi,"This is perfect for aspiring content creators and vloggers who are tired of struggling with poor audio quality holding back their videos—they'll finally be able to capture crystal-clear dialogue and sound while staying mobile and hands-free. It's ideal for younger creators (teens through early 30s) who film on smartphones or mirrorless cameras and want professional-grade audio without the bulk and complexity of traditional setups. Anyone who does interviews, streams, creates TikToks, YouTube shorts, or records podcasts while moving around will be thrilled to ditch tangled cords and clunky microphones for this compact, wireless solution."
Sony Alpha A6400 Mirrorless Camera with 16-50mm II Lens (Black),1299.0,https://www.jbhifi.com.au/products/sony-alpha-a6400-mirrorless-camera-with-16-50mm-ii-lens-black,cameras,jbhifi,"This is perfect for the creative visionary who's outgrown their smartphone camera and is ready to take their photography or videography seriously—whether they're a budding content creator, travel blogger, or amateur filmmaker who craves professional-quality images without the learning curve of a full-frame DSLR. They're someone who values compact gear they can throw in a backpack, loves experimenting with different creative styles, and gets genuinely excited about upgrading their visual storytelling. This gift will thrill the person who's been talking about ""getting a real camera"" for months but needed that push to finally commit to their passion."
Kodak Pixpro FZ55 Digital Compact Camera (Red),249.0,https://www.jbhifi.com.au/products/kodak-pixpro-fz55-digital-compact-camera-red,cameras,jbhifi,"This camera is perfect for the casual adventurer or travel enthusiast who wants to capture memories without the learning curve of manual settings—someone who grabs their bag on weekends for spontaneous road trips or family vacations and wants reliability without complexity. They're the type who values simplicity and fun over technical prowess, whether they're a nostalgic millennial, an active retiree exploring new places, or a parent documenting their kids' everyday moments without fumbling through smartphone apps. This gift delights anyone who wants a tangible, pocket-sized camera that feels more intentional than a phone but doesn't demand they become a photography expert."
Fujifilm X-S20 Mirrorless Camera with XC15-45mm Lens,1799.0,https://www.jbhifi.com.au/products/fujifilm-x-s20-mirrorless-camera-with-xc15-45mm-lens,cameras,jbhifi,"This is perfect for the creative millennial or Gen Z photographer who's serious about leveling up from their smartphone but doesn't want to be weighed down by professional-grade complexity—they're the type who obsessively curates their Instagram feed or documents their travels with artistic intention. It's ideal for someone in their early career or college years who's exploring visual storytelling, whether that's vlogging, content creation, or finally pursuing that passion project they've been putting off. They'll be thrilled because it finally gives them the tools to capture the world exactly as they see it, without the intimidating learning curve or price tag of full-frame professional gear."
Canon EOS R50 Mirrorless Camera with RFS 18-45 + 55-210mm Twin Lens Kit,1324.0,https://www.jbhifi.com.au/products/canon-eos-r50-mirrorless-camera-with-rfs-18-45-55-210mm-twin-lens-kit,cameras,jbhifi,"This is perfect for the creative enthusiast who's ready to level up from their smartphone—whether they're an aspiring content creator, travel blogger, or photography hobbyist bursting with ideas but frustrated by limited tools. They're someone who values versatility and wants to capture everything from intimate portraits to distant landscapes without switching cameras, and they're willing to invest in quality gear that won't overwhelm them with complexity. This gift thrills the person who dreams of sharing their unique perspective with the world and sees a camera as the key to finally turning those creative visions into stunning, professional-looking reality."
Sony Cybershot RX100 VII Ultra Fast 4K Compact Camera,1699.0,https://www.jbhifi.com.au/products/sony-cybershot-rx100-vii-ultra-fast-4k-compact-camera,cameras,jbhifi,"This is perfect for the creative adventurer who refuses to choose between portability and professional quality—whether they're a travel vlogger, content creator, or photography enthusiast who wants stunning 4K footage without lugging around heavy gear. They're someone who values their time and doesn't want to miss fleeting moments while fiddling with settings, appreciating the camera's intelligent autofocus that keeps up with fast-moving subjects. This gift thrills the person who's outgrown their smartphone camera but wants something compact enough to slip into a backpack, making them feel like they finally have the serious creative tool they've been craving."
GoPro Hero13 Black 5.3K HyperSmooth 6.0 Action Cam Accessory Bundle,729.0,https://www.jbhifi.com.au/products/gopro-hero13-black-5-3k-hypersmooth-6-0-action-cam-accessory-bundle,cameras,jbhifi,"This is perfect for the adventurous thrill-seeker who's constantly chasing the next adrenaline rush—whether they're surfing, mountain biking, skydiving, or exploring remote landscapes—and wants to relive and share those pulse-pounding moments in stunning clarity. It's ideal for the content creator who's building their YouTube channel, TikTok following, or Instagram feed and needs professional-grade stabilization to make their POV footage look polished and cinematic. They're someone who refuses to let a moment slip away undocumented and gets genuinely excited about having the right gear to capture their lifestyle exactly as they experience it."
Kodak Pixpro FZ45 Digital Compact Camera (Pink),168.0,https://www.jbhifi.com.au/products/kodak-pixpro-fz45-digital-compact-camera-pink,cameras,jbhifi,"This camera is perfect for the casual adventurer or travel enthusiast who wants to capture memories without the learning curve of a DSLR—someone who values simplicity and reliability over technical complexity. She's the type who documents family vacations, weekend hikes, and spontaneous moments with friends, and loves having a dedicated device that fits easily in her purse or backpack. The pink color especially delights younger photography enthusiasts or gift-givers seeking something cheerful and Instagram-worthy for a teen or young adult just discovering their passion for photography."
Kodak Charmera Digital Keyring Camera (Blind Box),44.0,https://www.jbhifi.com.au/products/kodak-charmera-digital-keyring-camera-blind-box,cameras,jbhifi,"This is perfect for the nostalgic Gen Z creative who loves capturing spontaneous moments with a retro aesthetic and doesn't need a smartphone to document their day. They're the type who enjoys surprise unboxing experiences, collects quirky tech gadgets, and gets genuinely excited about the mystery of not knowing which camera variant they'll receive. They'd be thrilled because it combines their love of analog vibes with practical portability—it's the kind of conversation-starting accessory that fits their indie, vintage-forward style."
DJI Osmo Action 6 Adventure Combo,839.0,https://www.jbhifi.com.au/products/dji-osmo-action-6-adventure-combo,cameras,jbhifi,"This is perfect for the adventurous explorer who's always chasing the next thrill—whether they're hiking remote peaks, surfing gnarly waves, or mountain biking technical trails—and wants to capture cinematic footage without worrying about their gear surviving the chaos. They're the type who gets frustrated with their phone camera failing in extreme conditions and craves professional-quality content to relive and share their most epic moments. This gift will thrill someone who sees their adventures as worth documenting in stunning detail and wants gear that's rugged enough to keep up with their fearless lifestyle."
DJI Osmo Action 6 Standard Combo,669.0,https://www.jbhifi.com.au/products/dji-osmo-action-6-standard-combo,cameras,jbhifi,"This is perfect for the adventurous friend or family member who's always documenting their outdoor exploits—whether they're hiking mountain trails, surfing waves, or traveling to remote destinations—and wants to capture stunning footage without lugging around bulky equipment. They're the type who values both quality and reliability, getting frustrated with their smartphone's limited capabilities but not wanting to commit to expensive professional gear. This gift will thrill anyone who loves reliving their adventures through video or sharing epic moments on social media with friends who are jealous of their lifestyle."
Sony ZV-E10 Mirrorless Vlog Camera with 16-50mm OSS II Lens Kit (Black),1049.0,https://www.jbhifi.com.au/products/sony-zv-e10-mirrorless-vlog-camera-with-16-50mm-oss-ii-lens-kit-black,cameras,jbhifi,"This is perfect for the ambitious content creator who's ready to level up from their smartphone—the YouTuber, TikToker, or aspiring filmmaker who craves cinematic quality without the learning curve of professional gear. They're someone who values their image (literally) and wants their audience to see them in sharp, beautiful detail with smooth video that actually captures their personality and passion. This gift thrills the person juggling content creation with their real life, who needs a camera that's lightweight enough to vlog on-the-go but powerful enough to make them look like a pro."
Insta360 Go Ultra Action Cam Creator Bundle (Black),755.0,https://www.jbhifi.com.au/products/insta360-go-ultra-action-cam-creator-bundle-black,cameras,jbhifi,"This is perfect for the adventurous content creator who's always documenting their life—whether they're hiking remote trails, traveling solo, or capturing spontaneous moments with friends—and wants hands-free, high-quality footage without lugging around bulky gear. They're the type who thrives on sharing their experiences across social media and values gear that keeps up with their active lifestyle while delivering professional-looking results. This bundle speaks to someone who's ready to level up from their phone camera but craves portability, and who gets genuinely excited about having new creative tools at their fingertips."
DJI Osmo Nano Action Standard Combo (128GB),589.0,https://www.jbhifi.com.au/products/dji-osmo-nano-action-standard-combo-128gb,cameras,jbhifi,"This is perfect for the adventurous creator who's always on the move—whether they're hiking, traveling, or documenting everyday moments—and wants to capture stunning video without lugging around heavy gear. They're the type of person who values quality content but gets frustrated with complicated tech, so they appreciate something compact that just works out of the box. This gift will thrill anyone who's been wanting to level up their social media presence or build a portfolio of cinematic clips without the learning curve of professional equipment."
Rode Wireless Micro Ultra-compact 2-Person Wireless Microphone USB-C (Black),169.0,https://www.jbhifi.com.au/products/rode-wireless-micro-ultra-compact-2-person-wireless-microphone-usb-c-black,cameras,jbhifi,"This is perfect for the content creator or podcaster who's tired of tangled cables and clunky setups getting in the way of their creative flow—whether they're recording YouTube videos in their apartment, conducting remote interviews, or capturing crystal-clear audio on the go. It's ideal for the tech-savvy person who values portability and professional quality without the learning curve, especially someone juggling multiple projects and needing gear that just works instantly. Anyone who's felt held back by mediocre audio quality will be thrilled to finally upgrade to a wireless solution that lets them focus on their message rather than their equipment."
DJI Osmo Action 5 Pro Standard Combo,459.0,https://www.jbhifi.com.au/products/dji-osmo-action-5-pro-standard-combo,cameras,jbhifi,"This is perfect for adventurers and content creators who are constantly capturing their best moments—whether they're hiking mountain peaks, surfing waves, or exploring new cities—and refuse to let gear limitations hold them back. They're the type of person who values reliability and crystal-clear quality in their footage, someone who's tired of shaky videos or cameras that fail in extreme conditions. If they're always one step away from their next viral moment or simply want to document their active lifestyle with professional-grade results, they'll be absolutely thrilled to have a rugged, dependable camera that keeps up with their energy."
Fujifilm X-T50 Mirrorless Camera with 15-45mm Lens (Black),1989.0,https://www.jbhifi.com.au/products/fujifilm-x-t50-mirrorless-camera-with-15-45mm-lens-black,cameras,jbhifi,"This is perfect for the creative perfectionist who's ready to level up from their smartphone—whether they're an aspiring content creator, travel blogger, or photography enthusiast who craves beautiful image quality and tactile, intentional controls. They're someone who appreciates timeless design and film simulation aesthetics, loves having their work look polished across Instagram or their portfolio, and is willing to invest in a tool that feels as good to hold as the images it produces. This gift speaks to people in their twenties through forties who are establishing their creative voice and want a camera that matches their artistic ambitions without requiring a steep learning curve."
Fujifilm Instax Mini Film (60 Pack),79.0,https://www.jbhifi.com.au/products/fujifilm-instax-mini-film-60-pack,cameras,jbhifi,"This is perfect for the nostalgic creative who loves capturing spontaneous moments and treasuring tangible memories in an increasingly digital world. They're the type of person who displays photos on their walls and in scrapbooks, throws frequent gatherings where instant prints become party favors, and gets genuinely excited about the unpredictability of film photography. Whether they're a young adult documenting their college years, a parent wanting to slow down and savor family moments, or a content creator seeking authentic, analog aesthetics, they'll be thrilled to have a generous stock of film ready for whatever adventure comes next."
Canon PowerShot SX740 HS Compact Digital Camera [4K Video],799.0,https://www.jbhifi.com.au/products/canon-powershot-sx740-hs-compact-digital-camera-4k-video,cameras,jbhifi,"This camera is perfect for the curious traveler and adventure seeker who refuses to choose between portability and quality—someone who wants to capture stunning photos and 4K videos without lugging around heavy DSLR gear. It's ideal for the creative storyteller in their 30s-60s who's ready to level up from their smartphone, whether they're documenting family vacations, exploring new cities, or finally starting that vlog they've been dreaming about. This gift thrills the person who values flexibility and ease, wanting professional-looking results without the steep learning curve, making it the sweet spot between casual phone photography and serious camera hobbyist."
Canon EOS 1500D DSLR Camera with 18-55mm Lens,721.65,https://www.jbhifi.com.au/products/canon-eos-1500d-dslr-camera-with-18-55mm-lens,cameras,jbhifi,"This is perfect for the curious creative who's ready to level up from smartphone photography and actually learn their craft—someone who watches YouTube tutorials on composition and dreams of capturing stunning travel photos or documenting meaningful moments with intention. They're the type of person who gets genuinely excited about gear and loves having tangible tools to master, whether they're an aspiring content creator, photography hobbyist, or someone starting a side passion project. This gift thrills the person who wants a ""real"" camera without the overwhelming complexity of professional equipment, giving them the perfect sweet spot between capability and approachability."
Apple iPad 10 64GB Wi-Fi (Silver) [*Refurbished:As New ],475.0,https://www.jbhifi.com.au/products/apple-ipad-10-64gb-wi-fi-silver-refurbishedas-new,tablets,jbhifi,"This iPad is perfect for the creative person or student who craves a versatile digital canvas—whether they're sketching, note-taking, editing photos, or streaming their favorite shows. They're someone juggling multiple interests who appreciates quality tech but doesn't need to overspend, making them savvy enough to choose refurbished and practical enough to care about value. They'll be thrilled because they gain a reliable, premium device that fits seamlessly into their dynamic lifestyle without breaking the bank."
"Apple iPad Air 7 2025, 11-inch (M3) 128GB - Blue - [*Refurbished: Excellent condition]",800.0,https://www.jbhifi.com.au/products/apple-ipad-air-7-2025-11-inch-m3-128gb-blue-refurbished-excellent-condition,tablets,jbhifi,"This is perfect for the creative professional or student who's always on the go—the designer, artist, or note-taker who needs a powerful device that actually keeps up with their ambitions without breaking the bank. They're someone who values flexibility and portability, whether they're sketching in cafes, editing videos on set, or taking handwritten notes in lectures, and they appreciate getting premium tech at a smart price. This gift thrills the person who's been eyeing iPad quality but hesitated at the flagship price tag, finally giving them permission to upgrade their workflow without guilt."
"Apple iPad Air 7 2025, 11-inch (M3) 128GB - Blue - [*Refurbished: As New condition]",835.0,https://www.jbhifi.com.au/products/apple-ipad-air-7-2025-11-inch-m3-128gb-blue-refurbished-as-new-condition,tablets,jbhifi,"This is perfect for the creative professional or student who craves a powerful, portable device that bridges the gap between smartphone and laptop—whether they're sketching, editing photos, taking notes in lectures, or designing on the go. They're the type who values sleek aesthetics and premium build quality, and they'll be thrilled to get flagship technology at a smart price point through the refurbished option. This gift suits anyone in a dynamic life stage—from ambitious college students to freelancers to busy parents—who needs reliable performance for both work and creative pursuits without being tethered to a desk."
"Apple iPad Air 7 2025, 11-inch (M3) 128GB - Starlight - [*Refurbished: As New condition]",835.0,https://www.jbhifi.com.au/products/apple-ipad-air-7-2025-11-inch-m3-128gb-starlight-refurbished-as-new-condition,tablets,jbhifi,"This iPad Air is perfect for the creative professional or ambitious student who wants powerful performance without the premium price tag—someone who sketches, designs, edits videos, or takes notes in style and needs a device that keeps up with their ambitions. They're the type who values portability and versatility, whether they're working from coffee shops, attending classes, or collaborating on projects, and they appreciate getting a like-new device at a smart price point. This gift absolutely thrills the person who's been eyeing iPad quality but didn't want to splurge on a brand-new model, or the digital nomad and creative who needs a reliable second screen to amplify their productivity."
"Apple iPad Air 7 2025, 11-inch (M3) 128GB - Space Gray - [*Refurbished: Excellent condition]",800.0,https://www.jbhifi.com.au/products/apple-ipad-air-7-2025-11-inch-m3-128gb-space-gray-refurbished-excellent-condition,tablets,jbhifi,"This is perfect for the creative professional or digital artist who's been eyeing a premium tablet but wants to maximize their budget—they'll be thrilled with the M3 performance and spacious 11-inch display without the flagship price tag. It's also ideal for the busy parent, student, or remote worker who juggles multiple apps, documents, and video calls and needs a device that handles everything seamlessly without lag. The refurbished-excellent condition makes it especially appealing to the practical, eco-conscious gift-giver looking to give someone a powerful, current-generation device while staying smart about spending."
"Apple iPad Air 7 2025, 11-inch (M3) 256GB - Space Gray - [*Refurbished: As New condition]",1240.0,https://www.jbhifi.com.au/products/apple-ipad-air-7-2025-11-inch-m3-256gb-space-gray-refurbished-as-new-condition,tablets,jbhifi,"This is the ideal gift for the creative professional or ambitious student who refuses to compromise between portability and power—the designer, animator, note-taker, or side-hustle entrepreneur who needs a device that keeps pace with their imagination without weighing them down. They're the type who values quality and longevity, appreciating a refurbished device that performs like new while being mindful of their budget or environmental footprint. This person thrives when they can sketch, create, learn, or work seamlessly anywhere—whether they're in coffee shops, classrooms, or collaborative spaces—and they'll be thrilled to finally have a tool that doesn't make them choose between capability and mobility."
"Apple iPad Air 7 2025, 11-inch (M3) 128GB - Space Gray - [*Refurbished: As New condition]",835.0,https://www.jbhifi.com.au/products/apple-ipad-air-7-2025-11-inch-m3-128gb-space-gray-refurbished-as-new-condition,tablets,jbhifi,"This iPad Air is perfect for the creative professional or ambitious student who craves a powerful yet portable device for design work, video editing, note-taking, and content creation—someone who refuses to compromise between performance and mobility. They're the type who appreciates premium build quality and cutting-edge technology but is savvy enough to recognize that a refurbished device in pristine condition delivers exceptional value without the guilt of full price. Whether they're an artist sketching on Procreate, a freelancer managing multiple projects, or a learner who wants their tablet to grow with their ambitions, they'll be thrilled to unlock serious creative potential at a genuinely smart price point."
"Apple iPad Air 7 2025, 11-inch (M3) 128GB - Purple - [*Refurbished: As New condition]",835.0,https://www.jbhifi.com.au/products/apple-ipad-air-7-2025-11-inch-m3-128gb-purple-refurbished-as-new-condition,tablets,jbhifi,"This is perfect for the creative professional or ambitious student who craves a powerful, portable device that doesn't compromise on performance—designers, architects, content creators, and note-takers will be thrilled by the M3 chip's ability to handle demanding apps like Procreate, Final Cut Pro, or Adobe Creative Suite without lag. The sleek purple finish appeals to someone with a modern aesthetic who wants their tech to feel as premium and intentional as their work, while the generous 11-inch screen provides the real estate they need for detailed design work or immersive media consumption. This is the gift for someone who's been eyeing iPad Pro features but wants a smarter value—they're practical enough to appreciate the"
"Apple iPad Air 7 2025, 13-inch (M3) 128GB - Space Gray - [*Refurbished: As New condition]",1080.0,https://www.jbhifi.com.au/products/apple-ipad-air-7-2025-13-inch-m3-128gb-space-gray-refurbished-as-new-condition,tablets,jbhifi,"This iPad Air is perfect for the creative professional or student who lives between devices—designers, photographers, and video editors who crave a larger canvas than their phone but want something more portable than a full laptop. They're the type who's constantly sketching ideas, editing content on the go, or taking notes in meetings, and they appreciate quality tech that just *works* without compromise. This gift thrills the person who's been eyeing premium tablets but is smart enough to love the value of a refurbished device in pristine condition."
Apple iPad Air 5 (2022) Wi-Fi 64GB - Space Gray - [*Refurbished: Excellent condition],500.0,https://www.jbhifi.com.au/products/apple-ipad-air-5-2022-wi-fi-64gb-space-gray-refurbished-excellent-condition,tablets,jbhifi,"# Who This Gift is Perfect For:

This is ideal for the creative professional or student who juggles multiple projects and needs a portable powerhouse—think designers, architects, note-takers, and digital artists who are tired of feeling constrained by their phone. They're someone who values sleek, intuitive technology and wants to seamlessly sketch, edit photos, take notes, or stream content without the bulk of a laptop, whether they're working from coffee shops, classrooms, or their couch. The refurbished price point makes them the savvy buyer who refuses to overpay for premium tech and sees no shame in excellent quality at a discount."
Apple iPad Air 5 (2022) Wi-Fi 64GB - Space Gray - [*Refurbished: As New condition],520.0,https://www.jbhifi.com.au/products/apple-ipad-air-5-2022-wi-fi-64gb-space-gray-refurbished-as-new-condition,tablets,jbhifi,"This is perfect for the creative professional or student who thrives with a versatile digital canvas—designers, artists, note-takers, and content creators who want to sketch, edit, and brainstorm on the go without committing to a full laptop. They're the type who appreciates quality tech that feels premium but doesn't demand the absolute latest model, making them savvy enough to recognize an excellent refurbished deal. This gift will thrill someone juggling multiple projects who needs reliable performance for everything from digital drawing to streaming, video editing, or organizing their increasingly digital life."
Apple iPad 9th Gen (2021) Wi-Fi 64GB - Silver - [*Refurbished: As New condition],300.0,https://www.jbhifi.com.au/products/apple-ipad-9th-gen-2021-wi-fi-64gb-silver-refurbished-as-new-condition,tablets,jbhifi,"# Perfect For:

This is ideal for the practical creative who loves having a versatile tool for sketching, note-taking, or consuming content without committing to a premium price tag. They're someone juggling work, hobbies, and learning—whether they're a student, remote worker, or hobbyist who needs reliable performance for everyday tasks like video calls, reading, or light content creation. They appreciate smart value and aren't hung up on having the absolute latest model, so they're thrilled to get flagship iPad functionality at an accessibly lower price point."
Apple iPad 10th Gen (2022) Wi-Fi 256GB - Blue - [*Refurbished: Excellent condition],580.0,https://www.jbhifi.com.au/products/apple-ipad-10th-gen-2022-wi-fi-256gb-blue-refurbished-excellent-condition,tablets,jbhifi,"This is perfect for the creative professional or student who's tired of feeling chained to a desk—they're someone who sketches, designs, takes notes, or consumes content on the go and wants a reliable, high-performance device that just works. They're the type who values Apple's ecosystem and quality, but appreciates getting excellent bang for their buck without the new-device price tag. Whether they're an artist building their portfolio, a grad student juggling classes and projects, or a remote worker who needs flexibility, they'll be thrilled to have a powerful tool that grows with their ambitions."
Apple iPad 9th Gen (2021) Wi-Fi 64GB - Silver - [*Refurbished: Excellent condition],285.0,https://www.jbhifi.com.au/products/apple-ipad-9th-gen-2021-wi-fi-64gb-silver-refurbished-excellent-condition,tablets,jbhifi,"This is perfect for the creative student or budget-conscious professional who needs a reliable device for note-taking, sketching, and productivity without breaking the bank. Tech enthusiasts who love Apple's ecosystem but want to be smart with their spending, or parents looking to give their kids a dependable tablet for schoolwork and entertainment, will be thrilled by this refurbished find. Anyone juggling multiple devices—whether they're a casual reader, streaming enthusiast, or someone who wants a second screen for video calls and browsing—gets premium quality at an unbeatable price point."
Apple iPad 10th Gen (2022) Wi-Fi 64GB - Blue - [*Refurbished: As New condition],480.0,https://www.jbhifi.com.au/products/apple-ipad-10th-gen-2022-wi-fi-64gb-blue-refurbished-as-new-condition,tablets,jbhifi,"This is perfect for the creative person who's always sketching, note-taking, or designing on-the-go—whether they're a student, artist, or aspiring content creator who needs a reliable, affordable entry point into Apple's ecosystem. It's ideal for the tech-savvy gift-giver shopping for someone who wants seamless video calls with family, smooth streaming for their favorite shows, and a portable device that won't break the bank, especially when they're willing to embrace a refurbished gem in like-new condition. This delights the practical minimalist who appreciates quality without the premium price tag, or the parent seeking a durable learning tool for kids that actually holds up to real-world use."
Apple iPad 10th Gen (2022) Wi-Fi 64GB - Silver - [*Refurbished: As New condition],480.0,https://www.jbhifi.com.au/products/apple-ipad-10th-gen-2022-wi-fi-64gb-silver-refurbished-as-new-condition,tablets,jbhifi,"This is perfect for the creative professional or student who craves a versatile device that bridges their laptop and phone—someone who sketches, takes notes, edits photos, or attends virtual classes and wants a larger canvas without the bulk of a full computer. It's ideal for the person juggling multiple responsibilities who needs reliable performance for productivity apps, streaming, and casual gaming without breaking the bank on a brand-new device. They're practical and smart about their tech purchases, someone who appreciates quality and recognizes that refurbished Apple gear delivers the same experience at a fraction of the cost."
Apple iPad 8th Gen (2020) Wi-Fi 128GB - Silver - [*Refurbished: Excellent condition],270.0,https://www.jbhifi.com.au/products/apple-ipad-8th-gen-2020-wi-fi-128gb-silver-refurbished-excellent-condition,tablets,jbhifi,"This is perfect for the creative student or young professional who's tired of juggling multiple devices—they can sketch, take notes, watch tutorials, and video call all in one sleek package without breaking the bank. It's ideal for the casual content consumer who loves reading, streaming shows, gaming, and browsing who wants something bigger and more immersive than a phone but doesn't need cutting-edge specs. Budget-conscious gift-givers will love this for anyone entering college, starting a new job, or rediscovering digital hobbies, since the refurbished price point makes premium tech finally feel attainable."
Apple iPad 8th Gen (2020) Wi-Fi 32GB - Gold - [*Refurbished: Excellent condition],230.0,https://www.jbhifi.com.au/products/apple-ipad-8th-gen-2020-wi-fi-32gb-gold-refurbished-excellent-condition,tablets,jbhifi,"This iPad is perfect for the budget-conscious creative who refuses to compromise on quality—whether they're a student sketching digital art, a remote worker needing a reliable second screen, or a parent seeking a durable device for family entertainment without breaking the bank. They're someone who appreciates Apple's ecosystem but doesn't need the latest model, and they'd be thrilled to get a premium tablet at a fraction of the original price. This gift delights practical gift-givers who know their recipient loves reading, drawing, video calls, or streaming, but wants to spend smart rather than spend big."
Apple iPad 8th Gen (2020) Wi-Fi 32GB - Gold - [*Refurbished: As New condition],240.0,https://www.jbhifi.com.au/products/apple-ipad-8th-gen-2020-wi-fi-32gb-gold-refurbished-as-new-condition,tablets,jbhifi,"This is perfect for the budget-conscious creative who wants a reliable device without breaking the bank—whether they're a student sketching digital art, a remote worker attending video calls, or a casual content consumer who streams shows and browses social media. It's ideal for someone in their teens through early adulthood who values practicality over prestige and doesn't need the latest model to get genuine joy from having a tablet. This gift delights the person who appreciates a smart deal, wants to dip their toes into tablet ownership, or needs a dependable second device for their active, on-the-go lifestyle."
Apple iPad 9th Gen (2021) Wi-Fi + Cellular 64GB - Space Gray - [*Refurbished: As New condition],325.0,https://www.jbhifi.com.au/products/apple-ipad-9th-gen-2021-wi-fi-cellular-64gb-space-gray-refurbished-as-new-condition,tablets,jbhifi,"This is perfect for the creative professional or student who's always on the move—someone who sketches, takes notes, edits documents, or streams content throughout their day and refuses to be tethered to a desk. They're the type who values reliability and versatility without breaking the bank, appreciating a refurbished deal that lets them invest in other passions. Whether they're a digital artist, a remote worker juggling multiple projects, or a lifelong learner exploring new skills, they'll be thrilled to have a capable, portable device that keeps them connected and productive wherever inspiration strikes."
Apple iPad 9th Gen 64GB Wi-Fi + Cellular (Silver) [*Refurbished: As New],414.0,https://www.jbhifi.com.au/products/apple-ipad-9th-gen-64gb-wi-fi-cellular-silver-refurbished-as-new,tablets,jbhifi,"This is perfect for the perpetually busy professional or student who needs a reliable workhorse device for productivity on the go—someone who's constantly switching between video calls, note-taking, and content creation without wanting to lug around a heavy laptop. They're the type who values flexibility and connectivity, whether they're working from coffee shops, traveling between meetings, or settling into a cozy corner for creative projects, and they'll be thrilled by a device that seamlessly bridges their phone and computer. Budget-conscious gift-givers will love that this refurbished option delivers premium Apple quality at a fraction of the cost, making it perfect for someone who's been eyeing an iPad but hesitated at full retail price."
Apple iPad 8th Gen 32GB Wi-Fi + Cellular (Gold) [*Refurbished: As New],329.0,https://www.jbhifi.com.au/products/apple-ipad-8th-gen-32gb-wi-fi-cellular-gold-refurbished-as-new,tablets,jbhifi,"This is perfect for the always-on-the-go professional or remote worker who needs reliable connectivity anywhere—whether they're video conferencing from a café, managing emails during their commute, or presenting to clients on the road. It's ideal for the creative person who sketches, takes notes, or edits photos but doesn't want the hefty price tag of a brand-new device, appreciating that refurbished quality at a fraction of the cost. This gift thrills the lifelong learner or casual streamer who devours podcasts, tutorials, and shows during downtime and values having a larger screen than their phone without committing to premium-tier technology."
Apple iPad 9th Gen 64GB Wi-Fi (Space Gray) [*Refurbished: Very Good],273.0,https://www.jbhifi.com.au/products/apple-ipad-9th-gen-64gb-wi-fi-space-gray-refurbished-very-good,tablets,jbhifi,"This is perfect for the budget-conscious student or creative who refuses to compromise on quality—someone juggling online classes, digital art, note-taking, or content consumption without breaking the bank. They're the type who values versatility and ecosystem integration, whether they're already invested in Apple products or ready to join that world affordably. This gift delights the practical gift-giver too, since it solves real problems (need for a larger screen, digital workspace, or media consumption device) while keeping their conscience and wallet intact."
Apple iPad 9th Gen 64GB Wi-Fi + Cellular (Silver) [*Refurbished: Excellent],347.0,https://www.jbhifi.com.au/products/apple-ipad-9th-gen-64gb-wi-fi-cellular-silver-refurbished-excellent,tablets,jbhifi,"This is perfect for the always-on-the-go professional or student who refuses to be tethered to a desk—someone who values flexibility and needs seamless access to work, creativity, and entertainment across their commute, coffee shops, and travel. It's ideal for the practical gift-giver shopping for someone who appreciates quality tech at a smart price point, especially budget-conscious creatives, remote workers, and lifelong learners who want a reliable device without breaking the bank. This person thrives when they can sketch, video call, stream, and tackle productivity tasks from anywhere, and they'll be genuinely thrilled to upgrade their digital life with a trusted Apple device."
Apple iPad 8th Gen 32GB Wi-Fi + Cellular (Silver) [*Refurbished: As New],349.0,https://www.jbhifi.com.au/products/apple-ipad-8th-gen-32gb-wi-fi-cellular-silver-refurbished-as-new,tablets,jbhifi,"This is perfect for the digital nomad or remote worker who needs reliable connectivity anywhere—someone who values flexibility and refuses to be tethered to a desk or WiFi network. They're the type who juggles multiple projects, loves sketching or note-taking on the go, and appreciates a quality device that won't break the bank, especially if they're testing whether tablet life truly fits their workflow. This gift delights the pragmatist who sees refurbished tech as smart, not compromised—someone confident enough to skip the premium price tag and invest those savings into experiences instead."
Apple iPad 9th Gen 64GB Wi-Fi (Space Gray) [*Refurbished: As New],325.0,https://www.jbhifi.com.au/products/apple-ipad-9th-gen-64gb-wi-fi-space-gray-refurbished-as-new,tablets,jbhifi,"This is perfect for the creative person who's always sketching ideas, taking notes, or consuming content on the go—someone juggling work, school, or creative projects who needs a reliable, affordable workhorse without breaking the bank. They're the type who appreciates quality tech that just *works*, whether they're a student, a digital artist, a remote worker, or someone in their 50s+ finally ready to embrace tablets for reading and video calls. This gift solves the problem for budget-conscious tech lovers who refuse to compromise on the Apple ecosystem and want that premium experience at a fraction of the new price."
Apple iPad 7th Gen 32GB Wi-Fi (Space Gray) [*Refurbished: Excellent],179.0,https://www.jbhifi.com.au/products/apple-ipad-7th-gen-32gb-wi-fi-space-gray-refurbished-excellent,tablets,jbhifi,"This is perfect for the budget-conscious creative who refuses to compromise on quality—the student, artist, or note-taker who needs a reliable device for sketching, reading, research, and entertainment without breaking the bank. It's ideal for the practical gift-giver shopping for a parent, grandparent, or tech-curious friend who wants to explore tablets for the first time without the premium price tag, or for the casual user who streams shows, reads e-books, and browses the web but doesn't need the latest model. This iPad thrills the person who values longevity and Apple's ecosystem but is savvy enough to know that refurbished means genuine savings—not sacrificed reliability."
Apple iPad 8th Gen 32GB Wi-Fi (Space Gray) [*Refurbished: Very Good],222.0,https://www.jbhifi.com.au/products/apple-ipad-8th-gen-32gb-wi-fi-space-gray-refurbished-very-good,tablets,jbhifi,"This is perfect for the practical learner or creative on a budget—whether they're a student juggling classes and note-taking, an artist exploring digital sketching, or a professional who needs a reliable second screen for emails and documents without breaking the bank. They're the type who values flexibility and portability over cutting-edge specs, someone who appreciates a smart purchase that does what they need without unnecessary frills. This gift will delight anyone who's been eyeing tablet ownership but hesitated at full prices, or the budget-conscious parent looking to give their kid a gateway to digital learning."
Apple iPad 8th Gen 32GB Wi-Fi (Space Gray) [*Refurbished: Excellent],209.0,https://www.jbhifi.com.au/products/apple-ipad-8th-gen-32gb-wi-fi-space-gray-refurbished-excellent,tablets,jbhifi,"This is perfect for the budget-conscious student, remote worker, or creative who needs a reliable device for studying, video calls, sketching, or streaming without breaking the bank. They're someone who appreciates Apple's ecosystem but doesn't need the latest model—practical, value-focused, and happy to get a fully-functional tablet at a fraction of the original price. Whether they're a parent looking to introduce their kid to tech, an artist seeking an affordable drawing canvas, or a commuter wanting something portable for entertainment and productivity, they'd be thrilled to have a quality iPad that does everything they need."
Apple iPad 9th Gen 64GB Wi-Fi + Cellular (Space Gray) [*Refurbished: As New],325.0,https://www.jbhifi.com.au/products/apple-ipad-9th-gen-64gb-wi-fi-cellular-space-gray-refurbished-as-new,tablets,jbhifi,"# Who This Gift is Perfect For

This is ideal for the practical tech enthusiast who values quality without paying full price—someone who appreciates Apple's ecosystem but wants to be smart with their budget. They're likely a commuter, student, or creative professional who needs a reliable device for sketching, note-taking, streaming, or staying connected on the go, and they'll love having cellular connectivity for work or travel without depending on Wi-Fi. This gift thrills the person who doesn't need the latest model but absolutely requires dependable performance, portability, and the peace of mind that comes with Apple's ecosystem."
Apple iPad 7th Gen 128GB Wi-Fi (Space Gray) [*Refurbished: As New],212.0,https://www.jbhifi.com.au/products/apple-ipad-7th-gen-128gb-wi-fi-space-gray-refurbished-as-new,tablets,jbhifi,"This is perfect for the budget-conscious student or creative who refuses to compromise on quality—they want a reliable device for note-taking, sketching, video consumption, and light work without the premium price tag. It's ideal for the parent seeking an affordable gateway tablet for their tween or teen to explore digital learning, gaming, and content creation, or for the casual user who wants to finally go digital for reading, streaming, and browsing without breaking the bank. This gift delights practical people who value functionality and proven reliability over having the latest model, making it a smart choice for anyone entering the tablet world or expanding their tech ecosystem affordably."
Apple iPad 8th Gen 32GB Wi-Fi (Space Gray) [*Refurbished: As New],229.0,https://www.jbhifi.com.au/products/apple-ipad-8th-gen-32gb-wi-fi-space-gray-refurbished-as-new,tablets,jbhifi,"This iPad is perfect for the creative student or remote worker who needs reliable technology without breaking the bank—someone juggling note-taking, design apps, and video calls who appreciates a no-fuss device that just works. It's ideal for the casual content consumer who loves sketching, reading, watching shows, or playing games on a larger screen than their phone, but doesn't need cutting-edge specs. The budget-conscious gift-giver will delight anyone from teenagers to older adults who wants to explore tablet computing or finally upgrade from an aging device, without the premium price tag."
Apple iPad 7th Gen 32GB Wi-Fi (Space Gray) [*Refurbished: As New],189.99,https://www.jbhifi.com.au/products/apple-ipad-7th-gen-32gb-wi-fi-space-gray-refurbished-as-new,tablets,jbhifi,"This is perfect for the budget-conscious student or creative who wants a reliable device for note-taking, sketching, or streaming without breaking the bank. It's ideal for the casual tech user who appreciates Apple's ecosystem but doesn't need the latest flagship—someone who values simplicity and dependability over cutting-edge specs. The refurbished-as-new condition makes it especially thrilling for the practical gift-giver shopping for a young adult, parent, or hobbyist who's been hesitant to invest in a tablet at full price."
Apple iPad 7th Gen 32GB Wi-Fi (Silver) [*Refurbished: As New],189.0,https://www.jbhifi.com.au/products/apple-ipad-7th-gen-32gb-wi-fi-silver-refurbished-as-new,tablets,jbhifi,"This is perfect for the budget-conscious student, creative, or casual tech user who wants a reliable device for sketching, reading, streaming, and note-taking without breaking the bank. They're someone who values practicality over cutting-edge specs—perhaps a parent looking to give their kid their first tablet, a digital artist exploring their craft on a modest budget, or a commuter who wants an affordable screen for entertainment and productivity. This gift thrills the person who appreciates a smart deal and doesn't need the latest model to enjoy genuine functionality and Apple's ecosystem."
Apple iPad 7th Gen 32GB Wi-Fi + Cellular (Silver) [*Refurbished: As New],209.0,https://www.jbhifi.com.au/products/apple-ipad-7th-gen-32gb-wi-fi-cellular-silver-refurbished-as-new,tablets,jbhifi,"This is perfect for the busy professional or student who's always on the go and needs reliable access to email, documents, and streaming without being tethered to a desk or WiFi networks. They're the type who appreciates quality tech at a smart price point—someone practical enough to embrace a refurbished device and savvy enough to know they're getting Apple's ecosystem without the premium price tag. Whether they're commuting, traveling, or juggling multiple projects, they'll be thrilled to have a capable device that keeps them connected and productive wherever life takes them."
Apple iPad 9th Gen 64GB Wi-Fi (Space Gray) [*Refurbished: Excellent],265.0,https://www.jbhifi.com.au/products/apple-ipad-9th-gen-64gb-wi-fi-space-gray-refurbished-excellent,tablets,jbhifi,"This iPad is perfect for the creative person who's been hesitant to invest in a premium tablet—whether they're an aspiring digital artist, note-taker, or content consumer who wants to dip their toes into the Apple ecosystem without breaking the bank. It's ideal for students, remote workers, and casual users who need a reliable device for streaming, reading, light productivity, and sketching, plus anyone who appreciates quality tech at a fraction of the original price. They're practical gift-givers' dream recipients: people who want versatility and longevity from their devices without the flagship price tag."
Garmin epix ™ Pro (Gen 2) Sapphire Edition 47mm Carbon Grey DLC Titanium with Black Band,849.0,https://www.jbhifi.com.au/products/garmin-epix-pro-gen-2-sapphire-edition-47mm-carbon-grey-dlc-titanium-with-black-band,wearables,jbhifi,"This is perfect for the ambitious outdoor adventurer who refuses to compromise between rugged performance and refined style—the type of person who summits mountains on weekends, tracks every workout with precision, and wants their gear to reflect their sophisticated taste. They're likely someone juggling a demanding career with an active lifestyle, craving a device that seamlessly transitions from boardroom meetings to backcountry expeditions without looking out of place. This gift thrills the person who views their watch as both a serious training companion and a status symbol, someone who values premium materials and cutting-edge technology as much as they value the freedom to explore."
Google Fitbit Air (Obsidian),199.0,https://www.jbhifi.com.au/products/google-fitbit-air-obsidian,wearables,jbhifi,"# Who This Gift is Perfect For:

This is ideal for the health-conscious go-getter who's always juggling work, workouts, and wellness goals—someone who appreciates having their fitness data at a glance without the bulk of a traditional smartwatch. They're the type who loves quiet accountability and motivation, whether they're training for their first 5K, managing stress through daily activity, or simply want to understand their sleep patterns better. This gift resonates with anyone tired of guessing whether they're actually hitting their targets and craves the satisfying clarity that comes from real-time insights."
Apple Watch Series 11 46mm Jet Black Aluminium Case GPS Sport Band (M/L) [Black],549.0,https://www.jbhifi.com.au/products/apple-watch-series-11-46mm-jet-black-aluminium-case-gps-sport-band-m-l-black,wearables,jbhifi,"This is perfect for the active person who's always on the move—the runner training for a marathon, the cyclist commuting to work, or the fitness enthusiast who wants their health metrics at a glance without carrying a phone. They're someone who values staying connected while exercising, appreciates a sleek, professional look that works equally well in the gym or boardroom, and has the budget for a premium device that seamlessly integrates into their Apple ecosystem. This gift delights the type of person who gets a little thrill from closing their daily activity rings and loves having a powerful mini-computer on their wrist."
Apple Watch Series 11 42mm Rose Gold Aluminium Case GPS Sport Band (S/M) [Light Blush],499.0,https://www.jbhifi.com.au/products/apple-watch-series-11-42mm-rose-gold-aluminium-case-gps-sport-band-s-m-light-blush,wearables,jbhifi,"This is perfect for the health-conscious woman who loves staying connected without being tethered to her phone—whether she's crushing a morning run, managing back-to-back meetings, or exploring a new city. She appreciates subtle elegance and wants her tech to match her aesthetic, so the rose gold finish feels like jewelry rather than a gadget on her wrist. She'd be thrilled to receive this because it transforms her daily routine by tracking her wellness goals, keeping her informed with quick notifications, and looking effortlessly put-together doing it."
Apple Watch SE 3 40mm Starlight Aluminium Case GPS Sport Band (S/M) [2025],349.0,https://www.jbhifi.com.au/products/apple-watch-se-3-40mm-starlight-aluminium-case-gps-sport-band-s-m-2025,wearables,jbhifi,"This is perfect for the active person who wants to stay connected without the premium price tag—someone juggling fitness goals, work notifications, and family check-ins who values simplicity and reliability. They're likely a runner, gym-goer, or casual athlete who appreciates having health metrics at their wrist but doesn't need bleeding-edge features or a luxury status symbol. This gift speaks to the pragmatic, no-nonsense person who wants Apple's ecosystem without the splurge, making them feel smart for choosing substance over status."
WHOOP Peak,399.0,https://www.jbhifi.com.au/products/whoop-peak,wearables,jbhifi,"This is perfect for the ambitious athlete or fitness enthusiast who obsesses over optimizing every aspect of their performance—the person who wakes up wondering ""what's my recovery score today?"" and genuinely enjoys tracking sleep, strain, and physiological data to fine-tune their training. They're the type who views their body as a high-performance machine and gets genuinely excited about biometric insights that help them train smarter, not just harder. This gift thrills the data-driven competitor or wellness maximizer who wants an edge over their personal best."
Garmin epix ™ Pro (Gen 2) Sapphire Edition 51mm Carbon Grey DLC Titanium with Black Band,924.0,https://www.jbhifi.com.au/products/garmin-epix-pro-gen-2-sapphire-edition-51mm-carbon-grey-dlc-titanium-with-black-band,wearables,jbhifi,"This is perfect for the ambitious adventurer who refuses to compromise between style and performance—the type who summits mountains on weekends, tracks every workout with obsessive precision, and wants their gear to look as sharp in the boardroom as it does on the trail. They're the person who values durability and premium materials, isn't afraid to invest in quality tech, and gets genuinely excited about detailed fitness metrics, navigation features, and a watch that actually looks like a luxury timepiece rather than a sports gadget. This gift thrills the person juggling an intense lifestyle who needs one device to handle their early morning runs, weekend expeditions, and professional life without skipping a beat."
Garmin epix ™ Pro (Gen 2) Sapphire Edition 42mm Soft Gold with Light Sand Band,849.0,https://www.jbhifi.com.au/products/garmin-epix-pro-gen-2-sapphire-edition-42mm-soft-gold-with-light-sand-band,wearables,jbhifi,"This is perfect for the ambitious athlete or outdoor adventurer who refuses to compromise between style and serious performance—someone who's equally comfortable summiting mountains on weekends and attending boardroom meetings on Monday mornings. They're the type who tracks every workout meticulously, loves having cutting-edge tech on their wrist, and appreciates luxury details like sapphire crystal and soft gold finishes that make them feel like their investment is truly premium. This gift thrills the person who's outgrown basic fitness trackers and wants a smartwatch that matches their sophisticated lifestyle while delivering the advanced metrics and durability their active life demands."
Garmin Instinct 2 Solar Sports Watch (Graphite),399.0,https://www.jbhifi.com.au/products/garmin-instinct-2-solar-sports-watch-graphite,wearables,jbhifi,"This is perfect for the adventurous outdoor enthusiast who refuses to be tethered to their phone—the hiker, runner, or backcountry explorer who values rugged reliability over flashy features and wants a watch that keeps up with their most ambitious expeditions. They're the type who appreciates practical gear that just works, whether they're summiting peaks, trail running at dawn, or spending weeks in remote wilderness where charging options are scarce. This gift thrills the person who sees their watch as a trusted companion, not just an accessory, and who'd rather invest in durability and solar independence than replace their tech every couple of years."
Google Fitbit Air (Lavender),199.0,https://www.jbhifi.com.au/products/google-fitbit-air-lavender,wearables,jbhifi,"This is perfect for the health-conscious woman who wants to take her fitness journey seriously without sacrificing style—she's someone who actually *wears* her tech because it matches her aesthetic. She's likely juggling work, wellness goals, and self-care, and she'll be thrilled to finally have a device that tracks her sleep, workouts, and stress levels so she can understand her body better. Whether she's a morning jogger, a yoga enthusiast, or someone just starting to prioritize her wellbeing, she'll love that this pairs seamlessly with her everyday look in calming lavender."
Apple Watch Ultra 3 49mm Black Titanium Case GPS + Cellular Ocean Band (Black),1399.0,https://www.jbhifi.com.au/products/apple-watch-ultra-3-49mm-black-titanium-case-gps-cellular-ocean-band-black,wearables,jbhifi,"This is perfect for the ambitious adventurer who refuses to be tethered to their phone—the ultramarathoner, rock climber, or backcountry hiker who needs mission-critical durability and real-time connectivity in extreme conditions. They're someone who invests in premium gear because they trust their life to it, and they'll be thrilled by the titanium build, extended battery life, and cellular independence that lets them push boundaries without compromise. This gift speaks to the person who treats their wrist as a command center for an action-packed life, whether they're summiting peaks or coordinating complex expeditions."
Apple Watch SE 3 40mm Midnight Aluminium Case GPS Sport Band (S/M) [2025],349.0,https://www.jbhifi.com.au/products/apple-watch-se-3-40mm-midnight-aluminium-case-gps-sport-band-s-m-2025,wearables,jbhifi,"This is perfect for the active person who wants to stay connected without overthinking technology—the runner, cyclist, or gym enthusiast who craves fitness tracking and notifications but doesn't need (or want to pay for) the premium smartwatch bells and whistles. They're someone juggling work, workouts, and social commitments who appreciates a reliable device that just works, whether they're crushing a morning run or heading into back-to-back meetings. This gift delights the pragmatist who values health insights and seamless Apple integration over flashy features, making it ideal for the fitness-focused friend or family member in their 20s-50s who's ready to upgrade their wearable game."
Ray-Ban | Meta Wayfarer Gen 2 AI Glasses (Matte Black/Transitions Grey),689.0,https://www.jbhifi.com.au/products/ray-ban-meta-wayfarer-gen-2-ai-glasses-matte-black-transitions-grey,wearables,jbhifi,"This is perfect for the tech-forward, always-connected person who wants to seamlessly blend smart features into their everyday style—someone who's tired of constantly reaching for their phone and craves a more integrated way to capture moments, get real-time information, and stay connected hands-free. They're likely creative professionals, content creators, or social enthusiasts who value both cutting-edge innovation and timeless aesthetic appeal, and they're willing to invest in quality gear that works as hard as they do. This gift thrills the person who sees wearables as the future and wants to be an early adopter without sacrificing the classic, sophisticated look they've loved for years."
Ray-Ban | Meta Wayfarer Gen 2 AI Glasses (Matte Black/Clear),599.0,https://www.jbhifi.com.au/products/ray-ban-meta-wayfarer-gen-2-ai-glasses-matte-black-clear,wearables,jbhifi,"This is perfect for the tech-forward early adopter who's always seeking the next innovation and loves being first among their friends to try cutting-edge gadgets. They're someone who values hands-free convenience—whether they're content creators capturing spontaneous moments, busy professionals juggling calls and notifications, or social media enthusiasts who want to document their life seamlessly without pulling out a phone. They're fashion-conscious enough to appreciate sleek, iconic eyewear design, but curious enough to embrace the AI features that make these glasses feel like a natural extension of their connected lifestyle."
Samsung Galaxy Watch8 44mm (Graphite),454.0,https://www.jbhifi.com.au/products/samsung-galaxy-watch8-44mm-graphite,wearables,jbhifi,"This is perfect for the busy professional or fitness enthusiast who lives by their schedule—someone who wants to stay connected without constantly reaching for their phone, and who appreciates sleek, premium tech that looks as good in a boardroom as it does on a morning run. They're the type who tracks their health metrics obsessively, values wellness insights, and loves having their digital life seamlessly integrated into their wrist. This gift thrills the person who wants a sophisticated smartwatch that feels like a legitimate style statement, not just a gadget."
Samsung Galaxy Watch8 40mm (Graphite),389.0,https://www.jbhifi.com.au/products/samsung-galaxy-watch8-40mm-graphite,wearables,jbhifi,"This is perfect for the active professional who refuses to choose between style and substance—someone who's juggling fitness goals, back-to-back meetings, and a need to stay connected without constantly pulling out their phone. They're the type who values sleek, understated elegance and appreciates tech that works seamlessly in the background of their busy life, whether they're running a morning 5K, sitting in the boardroom, or heading out for the evening. They'll be thrilled to have a device that keeps them organized, motivated, and effortlessly sophisticated all day long."
Garmin fenix® 8 47mm AMOLED Sapphire Edition Carbon Grey Titanium with Black + Pebble Grey Band,1549.0,https://www.jbhifi.com.au/products/garmin-fenix-8-47mm-amoled-sapphire-edition-carbon-grey-titanium-with-black-pebble-grey-band,wearables,jbhifi,"This is the ideal gift for the ambitious adventurer who refuses to compromise between cutting-edge technology and rugged durability—someone who summits mountains on weekends, trains for ultramarathons, and demands a device as serious and capable as they are. They're the type who appreciates premium craftsmanship and status symbols that whisper rather than shout, gravitating toward the titanium and sapphire details that signal their refined taste and commitment to excellence. This gift resonates with high-achieving professionals and elite athletes who view their wearable as an investment in performance optimization and a companion for life's most meaningful challenges, whether that's conquering a backcountry expedition or mastering a personal fitness goal."
Garmin VivoActive 5 Smart Watch (Ivory/Cream Gold),499.0,https://www.jbhifi.com.au/products/garmin-vivoactive-5-smart-watch-ivory-cream-gold,wearables,jbhifi,"This is perfect for the active person who's obsessed with tracking every detail of their fitness journey—whether they're training for a marathon, hitting the gym daily, or simply want concrete data on their wellness habits. They're someone who values both style and substance, appreciating a watch that looks elegant enough for the office or a night out while still delivering serious athletic performance. This gift will thrill the health-conscious individual who loves having a personal coach on their wrist, staying connected without being glued to their phone, and finally seeing their fitness goals reflected in real numbers."
Garmin VivoActive 5 Smart Watch (Black/Slate),499.0,https://www.jbhifi.com.au/products/garmin-vivoactive-5-smart-watch-black-slate,wearables,jbhifi,"This is perfect for the active person who's serious about their fitness journey but doesn't want a clunky device—they're the type who runs marathons, hits the gym consistently, and actually checks their stats obsessively. They're also someone juggling a busy lifestyle who appreciates seamless integration between workouts, sleep tracking, and daily notifications, so they can stay connected without constantly pulling out their phone. This gift will thrill the goal-oriented achiever who loves data-driven insights to optimize their performance and health."
Garmin Forerunner 55 Sports Watch (Black),269.0,https://www.jbhifi.com.au/products/garmin-forerunner-55-sports-watch-black,wearables,jbhifi,"This is perfect for the dedicated runner or fitness enthusiast who lives by their training plan and craves data-driven insights to push their performance further. They're the type who values consistency over flash—someone who wants reliable daily metrics, built-in coaching, and the peace of mind that comes with GPS accuracy, without needing a smartwatch that does everything. This gift will absolutely delight the person training for their first 5K or marathon, or the fitness-focused individual who wants a no-nonsense tool that actually understands endurance athletes' needs."
Apple Watch Series 11 42mm Jet Black Aluminium Case GPS Sport Band (M/L) [Black],499.0,https://www.jbhifi.com.au/products/apple-watch-series-11-42mm-jet-black-aluminium-case-gps-sport-band-m-l-black,wearables,jbhifi,"This is perfect for the active, health-conscious person who lives by their fitness goals and loves having real-time data at their wrist—whether they're training for a marathon, tracking their morning runs, or simply staying accountable to their wellness routine. They're someone who values seamless tech integration into their daily life and appreciates sleek, modern design that works equally well in the gym, at the office, or out on the town. This gift delights the person who wants to feel connected and informed without constantly reaching for their phone, and who sees their watch as an extension of their lifestyle rather than just an accessory."
Ray-Ban | Meta Wayfarer Large Gen 1 AI Glasses (Matte Black Gradient Graphite Polarised),367.0,https://www.jbhifi.com.au/products/ray-ban-meta-wayfarer-large-gen-1-ai-glasses-matte-black-gradient-graphite-polarised,wearables,jbhifi,"This is perfect for the tech-forward creative who's always documenting their life—the photographer, content creator, or vlogger who wants hands-free recording without the conspicuous drone aesthetic. They're someone who values both cutting-edge innovation and classic style, refusing to choose between looking good and being on the bleeding edge of technology. This gift delights the person who's tired of holding their phone up to capture moments and wants AI assistance woven seamlessly into their everyday adventures."
Oura Ring 5 Sizing Kit,15.0,https://www.jbhifi.com.au/products/oura-ring-5-sizing-kit,wearables,jbhifi,"This sizing kit is perfect for the health-conscious perfectionist who's been curious about biohacking but needs that final push to commit—someone who obsesses over sleep quality, fitness optimization, and data-driven wellness insights. It's ideal for the person who's tired of bulky smartwatches and wants sleek, invisible health tracking that fits seamlessly into their minimalist lifestyle. They're the type who gets genuinely excited about discovering their HRV trends and sleep patterns, and loves having a discrete tool that lets them quantify their wellness without broadcasting it to the world."
Apple Watch Series 11  42mm Jet Black Aluminium Case GPS Sport Band (S/M) [Black],499.0,https://www.jbhifi.com.au/products/apple-watch-series-11-42mm-jet-black-aluminium-case-gps-sport-band-s-m-black,wearables,jbhifi,"This is perfect for the health-conscious go-getter who's always on the move—someone who wants to seamlessly track their fitness, workouts, and daily wellness without pulling out their phone every five minutes. They're likely a young professional or active parent juggling multiple priorities, and they'll be thrilled by a gift that keeps them connected while supporting their ambitions to stay fit and organized. This gift suits anyone who appreciates sleek, premium tech that actually fits into their lifestyle rather than complicating it."
Apple Watch Series 11 46mm Space Grey Aluminium Case GPS Sport Band (M/L) [Black],549.0,https://www.jbhifi.com.au/products/apple-watch-series-11-46mm-space-grey-aluminium-case-gps-sport-band-m-l-black,wearables,jbhifi,"This Apple Watch is perfect for the active, health-conscious person who's always on the go—whether they're training for their next 5K, juggling work emails between gym sessions, or simply want to stay connected without pulling out their phone every five minutes. They're the type who appreciates sleek, minimalist design that looks equally good at the office or on a hiking trail, and they're willing to invest in quality tech that actually integrates seamlessly into their daily life. This gift thrills the person who's been eyeing the Apple ecosystem or who's ready to upgrade their fitness tracking to something that gives them serious insights into their health, workouts, and daily habits."
Apple Watch Series 11  46mm Jet Black Aluminium Case GPS Sport Band (S/M) [Black],549.0,https://www.jbhifi.com.au/products/apple-watch-series-11-46mm-jet-black-aluminium-case-gps-sport-band-s-m-black,wearables,jbhifi,"This is perfect for the health-conscious go-getter who's always on the move—someone juggling fitness goals, work deadlines, and an active social life who needs their wrist to be mission control. They're the type who loves data-driven insights into their workouts and sleep patterns, and they appreciate sleek design that looks equally polished in a boardroom or at the gym. This gift thrills the person who values staying connected without being tethered to their phone, whether they're hiking, running, or simply want to streamline their digital life."
Apple Watch SE 3 44mm Midnight Aluminium Case GPS Sport Band (M/L) [2025],399.0,https://www.jbhifi.com.au/products/apple-watch-se-3-44mm-midnight-aluminium-case-gps-sport-band-m-l-2025,wearables,jbhifi,"This is perfect for the active person who wants seamless health tracking without the premium price tag—whether they're a morning jogger, weekend hiker, or someone finally ready to close their daily activity rings. They're likely someone juggling a busy lifestyle who appreciates having fitness metrics, messages, and calls right on their wrist, freeing them from constantly checking their phone during workouts or commutes. This gift delights the Apple ecosystem enthusiast who's been eyeing smartwatch features but has held back from investing in the pricier models, or the fitness-curious person who needs that gentle nudge of wearable motivation to build healthier habits."
WHOOP Life,599.0,https://www.jbhifi.com.au/products/whoop-life,wearables,jbhifi,"This is perfect for the health-obsessed athlete or wellness enthusiast who lives by data and loves optimizing every aspect of their performance—whether they're training for a marathon, grinding through intense workouts, or simply obsessed with understanding their body's recovery patterns. They're the type of person who gets genuinely excited about metrics like HRV and strain scores, and they're willing to invest in tools that give them a competitive edge or deeper self-knowledge. If they're constantly asking ""how can I perform better tomorrow?"" and checking their phone for sleep and recovery insights, they'll be absolutely thrilled to have the WHOOP band wrapped around their wrist."
Polar Loop,299.0,https://www.jbhifi.com.au/products/polar-loop-night-black,wearables,jbhifi,"# Polar Loop - Perfect Gift For:

This is ideal for the data-driven fitness enthusiast who craves detailed insights into their daily activity, sleep patterns, and overall wellness—someone who gets genuinely excited by tracking progress and optimizing their health habits. It's perfect for the busy professional or new parent who wants effortless monitoring without the commitment of a full smartwatch, appreciating a sleek, minimalist device that delivers meaningful health information in the background. Anyone recovering from an injury, managing a fitness goal, or simply wanting to understand their body better will be thrilled to receive this, as it transforms invisible daily patterns into actionable feedback."
Garmin VivoActive 6 GPS Smartwatch (Slate/Black Band),479.0,https://www.jbhifi.com.au/products/garmin-vivoactive-6-gps-smartwatch-slate-black-band,wearables,jbhifi,"This smartwatch is perfect for the ambitious fitness enthusiast or weekend athlete who craves real-time data on their performance and refuses to leave their goals to guesswork—whether they're training for a marathon, perfecting their golf swing, or crushing their daily workout routine. They're the type who loves gadgets that keep them connected and motivated, thriving on metrics, notifications, and the ability to track progress across dozens of sports without ever pulling out their phone. This gift will delight anyone juggling an active lifestyle with a busy schedule, as they'll appreciate having all their essential information—messages, heart rate, workouts, and navigation—right on their wrist."
Garmin Forerunner® 265 Sports Watch (Black),799.0,https://www.jbhifi.com.au/products/garmin-forerunner-265-sports-watch-black,wearables,jbhifi,"This is perfect for the ambitious runner or triathlete who lives by their metrics—someone who wakes up excited to crush their workout goals and obsesses over their pace, heart rate, and training data. They're the type who appreciates cutting-edge technology that keeps them accountable and helps them train smarter, not just harder, whether they're training for their first 5K or their fifth marathon. This gift will thrill the performance-focused person who sees their wrist as mission control for their athletic life."
Garmin fenix® 8 43mm AMOLED Sapphire Edition Carbon Grey Titanium with Pebble Grey Band,1549.0,https://www.jbhifi.com.au/products/garmin-fenix-8-43mm-amoled-sapphire-edition-carbon-grey-titanium-with-pebble-grey-band,wearables,jbhifi,"This is perfect for the serious athlete or outdoor adventurer who refuses to compromise between ruggedness and sophistication—someone who summits mountains on weekends, logs 50+ mile training weeks, and wants a watch that commands respect in the boardroom just as much as it does on the trail. They're the type of person who obsesses over data, loves cutting-edge technology, and has the budget to invest in gear that will outlast their ambitions. This gift will thrill someone who views their watch as a status symbol of their lifestyle, not just a fitness tracker, and who appreciates premium materials and timeless design."
Google Fitbit Air (Berry),199.0,https://www.jbhifi.com.au/products/google-fitbit-air-berry,wearables,jbhifi,"# Who This Is Perfect For:

This is ideal for the health-conscious person who wants to finally close those activity rings without obsessing over every step—they're motivated by gentle nudges rather than hardcore tracking. They're someone juggling work, fitness, and wellness who appreciates stylish tech that doesn't scream ""gym rat,"" and they'd be thrilled to receive something that actually encourages them to move more while keeping tabs on sleep and stress throughout their busy day. The berry color appeals to someone who refuses to sacrifice aesthetics for function, making this gift feel as thoughtful and personal as their approach to balanced living."
Apple Watch SE 3 40mm Starlight Aluminium Case GPS + Cellular Sport Band (S/M) [2025],439.0,https://www.jbhifi.com.au/products/apple-watch-se-3-40mm-starlight-aluminium-case-gps-cellular-sport-band-s-m-2025,wearables,jbhifi,"This is perfect for the active person who values staying connected without being tethered to their phone—the runner, cyclist, or fitness enthusiast who wants to track workouts and receive calls while on the go. They're someone in their 20s-40s who appreciates Apple's ecosystem and wants a reliable, everyday smartwatch that doesn't break the bank but still delivers on health monitoring, notifications, and independence. They'd be thrilled because it solves the problem of juggling their phone during workouts while keeping them reachable, all in a sleek device that looks just as good at the office as it does on the trail."
Garmin VivoActive 6 GPS Smartwatch (Lunar Gold/Bone Band),479.0,https://www.jbhifi.com.au/products/garmin-vivoactive-6-gps-smartwatch-lunar-gold-bone-band,wearables,jbhifi,"This smartwatch is perfect for the active, health-conscious person who's serious about tracking their fitness goals but refuses to sacrifice style—someone who trains for marathons, hikes remote trails, or hits the gym regularly and wants real-time data without the bulk of a fitness tracker. They're the type who values both performance and aesthetics, appreciating the elegant lunar gold finish that works as well at the office or dinner as it does on a weekend adventure. This gift thrills the person who's always on-the-go and wants one device to seamlessly manage their workouts, notifications, and wellness metrics without constantly reaching for their phone."
HUAWEI WATCH FIT 5 Pro (Black Fluoroelastomer Strap),549.0,https://www.jbhifi.com.au/products/huawei-watch-fit-5-pro-black-fluoroelastomer-strap,wearables,jbhifi,"This smartwatch is perfect for the ambitious professional or fitness enthusiast who refuses to compromise between style and performance—someone juggling back-to-back meetings, gym sessions, and social plans who needs a sleek device that keeps up with their demanding lifestyle. They're the type of person who values health data and productivity features but won't wear anything that looks clunky or takes away from their polished aesthetic. This gift thrills the goal-oriented individual who loves tracking progress, staying connected, and looking sharp while doing it all."
Segway Ninebot E3 Pro Electric Scooter,999.0,https://www.jbhifi.com.au/products/segway-ninebot-e3-pro-electric-scooter,drones-robotics,jbhifi,"This is perfect for the urban commuter who's tired of being stuck in traffic and wants to feel like they're gliding through the city with style and freedom. They're someone who values their time, loves cutting-edge gadgets, and gets a genuine thrill from the wind in their face during their daily journey. This gift absolutely delights the eco-conscious adventurer who wants to reduce their carbon footprint without sacrificing speed, convenience, or that undeniable cool factor of arriving somewhere on a sleek electric scooter."
Segway F3 Pro Electric Scooter,1399.0,https://www.jbhifi.com.au/products/segway-f3-pro-electric-scooter,drones-robotics,jbhifi,"This is perfect for the urban commuter who's tired of sitting in traffic and craves a sleek, tech-forward way to navigate the city—someone who values efficiency and loves showing off cutting-edge gadgets. It's ideal for the adventurous 20-40 year old who wants to blend fun with practicality, whether they're zipping to work, exploring neighborhoods on weekends, or impressing friends with their modern mobility style. They're the type who gets genuinely excited about innovation and doesn't mind investing in quality gear that makes their daily life feel less mundane and more like living in the future."
Pure Escape+ Electric Scooter (Black),799.0,https://www.jbhifi.com.au/products/pure-escape-electric-scooter-black,drones-robotics,jbhifi,"This is perfect for the urban commuter or adventure seeker who craves freedom from traffic jams and wants to turn their daily grind into an exhilarating ride. They're the type who values cutting-edge tech and sustainability, appreciating both the sleek design and the eco-friendly way to get around the city. Young professionals and college students who want to arrive at their destination feeling energized rather than stressed will be absolutely thrilled with this gift."
Segway F3 Electric Scooter,1199.0,https://www.jbhifi.com.au/products/segway-f3-electric-scooter,drones-robotics,jbhifi,"This is perfect for tech-forward commuters and urban explorers who crave freedom from traffic jams and want to arrive at work looking cool rather than sweaty. Adventure-seekers in their 20s-40s who love gadgets will be thrilled by the combination of cutting-edge engineering and practical daily utility—it's the person who wants their commute to feel like play. They're the type who values efficiency and sustainability, hates waiting for buses, and wants to turn their 15-minute walk into a 5-minute glide through the city."
NIU KQi1 Pro Electric Kick Scooter (Grey),749.0,https://www.jbhifi.com.au/products/niu-kqi1-pro-electric-kick-scooter-grey,drones-robotics,jbhifi,"This is perfect for the urban commuter who's tired of sitting in traffic and craves a fun, efficient way to navigate their city—someone who values both style and practicality in their daily routine. It's ideal for the eco-conscious adventurer who wants to reduce their carbon footprint while enjoying the freedom and exhilaration of zipping through streets and parks at their own pace. They're the type who appreciates quality gear, loves staying active outdoors, and gets genuinely excited about discovering new routes and shortcuts in their environment."
Pure Advance + 900W Electric Scooter (Chrome),1299.0,https://www.jbhifi.com.au/products/pure-advance-900w-electric-scooter-chrome,drones-robotics,jbhifi,"This is perfect for the urban commuter who craves a sleek, futuristic edge to their daily routine—someone who values style as much as efficiency and wants to turn heads while zipping through the city. They're the type of person who loves cutting-edge tech gadgets, appreciates premium build quality, and has the budget to invest in a statement piece that blends performance with modern aesthetics. They'll be thrilled to receive this because it solves their commute frustration while satisfying their desire to own something that feels genuinely advanced and exclusive."
Segway E3 Electric Scooter,999.0,https://www.jbhifi.com.au/products/segway-e3-electric-scooter,drones-robotics,jbhifi,"This is perfect for the urban commuter who's tired of being stuck in traffic and craves a fun, futuristic way to get around the city—someone who values efficiency and style equally and wants to turn their daily commute into an adventure. It's ideal for the tech-savvy millennial or Gen Z person who loves showing off the latest gadgets and appreciates innovative solutions that make their life easier while keeping them looking cool. This gift thrills the environmentally conscious go-getter who wants to reduce their carbon footprint without sacrificing speed, convenience, or the pure joy of gliding through the streets with a grin on their face."
Pure Advance + 900W Electric Scooter (Black),1999.95,https://www.jbhifi.com.au/products/pure-advance-900w-electric-scooter-black,drones-robotics,jbhifi,"This is perfect for the urban commuter who's tired of sitting in traffic and craves a faster, more exhilarating way to navigate their city—someone who values efficiency and wants to shave 20 minutes off their daily routine. Tech-forward thrill-seekers who love gadgets and appreciate quality engineering will be absolutely thrilled by this premium scooter, especially those in their 20s-40s who want to make a statement about sustainable living without sacrificing performance. It's ideal for the adventurous person who's bored with conventional transportation and wants to feel that rush of freedom and independence on their commute or weekend explorations."
NIU KQi3 Max Electric Kick Scooter (Space Grey),1749.0,https://www.jbhifi.com.au/products/niu-kqi3-max-electric-kick-scooter-space-grey,drones-robotics,jbhifi,"This is perfect for the urban commuter who's tired of being stuck in traffic and craves a sleek, efficient way to navigate city streets—someone who values cutting-edge tech and wants to arrive at work looking effortlessly cool. It's ideal for the adventure-seeking 20-40 year old who loves exploring neighborhoods, wants to reduce their carbon footprint, and gets genuinely excited about premium gadgets that blend performance with style. This gift thrills the person who's always on the hunt for the perfect ""last-mile"" solution, who appreciates quality engineering, and who sees their commute as an opportunity for a little daily thrill rather than a tedious obligation."
